Gemeente;Netto gemeenteschuld per inwoner|2015;Netto gemeenteschuld per inwoner|2016;Netto gemeenteschuld per inwoner|2017;Overlast zwervers|2015;Overlast zwervers|2016;Overlast zwervers|2017;Banen|2015;Banen|2016;Banen|2017;Vestigingen|2015;Vestigingen|2016;Vestigingen|2017;Faillissementen van bedrijven en instellingen inclusief eenmanszaken|2015;Faillissementen van bedrijven en instellingen inclusief eenmanszaken|2016;Faillissementen van bedrijven en instellingen inclusief eenmanszaken|2017;Vestigingen Landbouw|2015;Vestigingen Landbouw|2016;Vestigingen Landbouw|2017;Banen Vrouwen|2015;Banen Vrouwen|2016;Banen Vrouwen|2017;Personen met bijstand en bijstand gerelateerde uitkering|2015;Personen met bijstand en bijstand gerelateerde uitkering|2016;Personen met bijstand en bijstand gerelateerde uitkering|2017
Aa en Hunze;248;169;122;1,19;2,38;0,4;415,6;419,4;427,7;122,9;121,4;123,2;1,4;2,8;0,5;13,7;13,4;13,6;48;47;47;22;22,9;23,7
Aalsmeer;565;476;423;;1,6;0,96;647,4;644,3;656,8;114,7;117,1;121,6;3,1;4,5;3,8;5;4,5;4,3;36;36;37;12,1;12,8;12,3
Aalten;235;257;344;0,37;2,23;1,48;501,1;508,7;513,3;98,6;101,9;101,4;6,1;3;2,9;15,2;15,2;14,2;44;43;44;19,3;20,2;21,4
Achtkarspelen;1480;1385;1359;9,65;1,79;1,79;425;435;437;111,7;114,9;115,9;5;0;0,4;11,3;10,9;11,3;37;36;36;40,7;42,9;41,6
Alblasserdam;1989;1947;1911;1,51;0,5;3,5;609;612,8;622,7;93,4;98,6;103,2;5,9;1,9;3,7;0,8;0,7;0,7;36;36;36;24,5;26,3;28,1
Albrandswaard;1395;1607;1631;0,4;3,2;1,59;539,7;598,4;572;85;87,5;88,4;1,6;4,1;4,1;1,9;1,8;1,8;43;44;46;22,1;20,7;23,1
Alkmaar;3302;3259;3236;36,97;44,98;32,94;673,4;677;662,8;110,6;111,9;113,3;4;3,6;2,1;2,5;2,5;2,4;47;48;48;35;37,1;38,2
Almelo;3564;3403;2974;17,01;17,67;18,21;765,6;757,6;763,6;96,6;99,2;100,7;5,1;7,6;5,5;2,3;2,2;2,2;45;45;45;66,5;68,6;70,2
Almere;3134;3006;2563;5,13;6,86;12,09;520,8;532,6;524,9;111,3;117,1;118,2;7,3;3,6;4,5;0,5;0,5;0,5;47;46;47;50,5;50,8;51,6
Alphen aan den Rijn;901;1025;877;2,7;3,43;3,03;533,4;557,8;556,4;92,4;106;109,2;4,4;2,1;1,6;10,3;9,1;8,9;44;44;44;24;25,8;26,8
Alphen-Chaam;1106;1133;1130;4,1;9,07;2,98;425,9;414,5;413,9;143,3;144,3;146,7;3,6;1,8;2,6;20,8;20,2;20,5;43;44;44;12,7;13,7;16
Altena;980;1025;1295;0,37;1,66;0,18;478,6;475;486,3;121,3;121,7;124,8;4,2;2,7;3,2;7;6,7;6,5;39;39;39;14,2;16,2;17,2
Ameland;4402;4803;4745;8,36;;;783,4;794,4;805,6;202,4;207,9;199,6;0;0;0;11,1;10,7;11,1;45;46;45;3,6;3,5;3,4
Amersfoort;2085;1949;1874;13,05;9,44;16,26;727,1;716,1;719,3;126,8;130,4;132,8;5;3;3,6;0,6;0,5;0,5;47;47;47;37,4;38,8;39
Amstelveen;-318;-91;-257;1,03;0,68;2,58;735;819,1;824,1;146,6;152,7;157,9;2,3;3,5;2,6;0,9;0,8;0,8;47;45;45;18,7;19,4;20,6
Amsterdam;3576;3827;4350;2,52;5,05;10,14;925,5;950,6;954,6;201,7;213,7;218;3;3;2,4;0,1;0,1;0,1;44;44;44;80,6;79,4;79,4
Apeldoorn;3455;3287;2989;13,85;11,76;13,81;814,3;794,6;798,2;103;105,6;106,5;5,1;3;4,3;2,2;2,2;2;45;45;45;35,1;36,4;38,5
Arnhem;3933;3773;3741;16,02;20,67;22,22;859,2;845,1;850,4;116,7;120,4;120,5;5,7;4;3,5;0,4;0,3;0,3;50;50;50;77;80,1;82,5
Assen;2995;3048;3058;16,97;18,94;23,98;793,1;781,3;781,1;90;90,3;89,9;7,5;5,5;4,9;1,6;1,6;1,8;50;49;48;50,3;49,2;50,4
Asten;-659;-512;-283;6,04;4,83;4,79;605,7;615,2;620,2;138,5;139,3;141,1;1,8;1,2;3,4;14,9;14,9;14,5;42;42;41;17,4;18,8;19,3
Baarle-Nassau;-626;-550;-236;1,52;3,03;1,5;633,6;638,4;636,7;158,4;160,6;161,7;3,6;1,2;0;22,8;21,3;21;44;43;43;20;20;25,3
Baarn;950;903;786;2,05;5,3;2,85;637,7;640,8;657,7;155,9;158,7;166,8;3,3;2,9;1;1,1;1;1;49;49;49;22,5;23,9;24,9
Barendrecht;1542;1911;2046;0,42;0,63;0,21;715,9;692,8;723,4;100,7;105,3;108;4,8;13;3,6;0,9;0,8;0,8;42;41;42;16,4;17,1;19,6
Barneveld;3899;3800;3611;0,55;1,8;0,89;799,1;803,4;815,7;141,7;144,4;144,3;1,7;2,3;0,8;11,2;10,9;10,5;37;38;38;16,9;17,6;19,2
Beek;-792;-628;182;;0,62;2,51;776,2;796,1;812;117,6;119,9;123,8;2,2;16,6;2,7;2,7;2,7;2,6;32;32;33;26,8;28,3;28,4
Beekdaelen;-820;-785;123;0,83;1,65;1,66;385,3;386,1;391,6;106,4;108,4;111,1;3,1;2,3;1,1;5,4;5,3;4,9;40;40;40;22,2;23,8;23,2
Beemster;950;1085;1029;;;1,09;522,1;529,1;522,5;147,3;152,2;150,1;;;;20,2;19,4;19,2;36;37;38;14,1;13,9;15
Beesel;-959;-998;-591;4,44;2,24;2,98;339,1;340,7;344,6;86;87,6;89,6;3,6;2,4;3,4;6,8;6,7;5,5;41;41;41;29,4;28,6;25,7
Berg en Dal;441;396;437;3,21;1,74;5,47;513,9;511,9;508,8;99,1;101,3;103,7;7,7;2;0,8;5,5;5,3;4,8;58;58;58;31,8;35,6;36,4
Bergeijk;1766;1587;1401;1,1;1,64;0,55;570,7;562,6;579,8;141,4;144,8;148,5;3,6;4;1,9;11,8;11,9;11,6;38;39;38;12,4;13;12,8
Bergen (L.);238;311;402;0,76;0,76;2,29;430,4;435,2;428,5;112,8;113,3;111,8;5,2;1;2;16,7;15,8;15,9;39;38;38;22,4;23,4;23,3
Bergen (NH.);2161;2142;2123;2,33;4,01;5,7;455;463,4;470,2;138,7;142,9;143,1;3,2;3,7;0,6;4,5;4,4;4,4;51;52;53;13,7;14,9;16,5
Bergen op Zoom;3379;3357;3385;18,7;29,59;30,83;567,5;568,9;577;95,8;96,6;99,8;7,1;3,8;2,3;2,5;2,5;2,4;49;49;49;44,7;45,3;45,6
Berkelland;-121;-157;-238;0,9;0,45;0,45;502,9;491,9;502,8;113,6;115,2;115,7;4,3;5,3;3,1;19,9;19,6;19,1;42;42;42;18,6;20,5;22,4
Bernheze;1207;1161;933;2,35;1,34;6,61;460,4;461,5;471,8;107,5;108,1;109,9;3,5;3,1;1,7;14,3;14,5;14,5;45;44;44;13;14,9;16,3
Best;-319;-507;-540;3,13;2,07;3,77;772,1;773,8;785,8;113,7;116,6;120,3;3,4;4,5;3,2;2,8;3,1;3;38;38;37;23,5;25,4;24,7
Beuningen;2805;2657;2465;0,4;0,79;1,57;403,2;403,2;406,7;100,9;104,6;105,1;3,1;2,5;1;4,6;4,4;4,3;45;44;45;24,8;26,2;26,9
Beverwijk;1615;1413;1281;10,7;24,31;8,11;580,8;575,5;581,5;97,9;98,7;100,7;3,5;3,4;3,4;0,7;0,7;0,6;44;43;44;35,3;39,2;38,7
Bladel;1381;1279;1391;1,51;1,5;2,49;872,9;887,9;912;129,2;130,6;133,4;4,1;3,5;3,4;9,3;9,1;8,4;43;41;41;12;11,9;13,7
Blaricum;2194;333;110;;1,04;2,94;489,4;488,5;480,1;121,3;127,7;130;2,6;0,8;0,8;1,2;1,1;1;63;63;63;17,4;18,2;18,5
Bloemendaal;1274;1327;1178;4,94;5,83;6,57;386,6;373,8;374,4;125;127;130,5;0,8;1,2;0,8;0,5;0,5;0,5;54;54;54;13,9;14,4;13,5
Bodegraven-Reeuwijk;4265;3881;3459;3,61;2,99;0,89;593,1;610,2;606,6;114,4;129,4;134,4;3,4;3,8;1,9;8,2;7,2;7,2;39;37;37;13,2;15,1;16,4
Boekel;2261;1915;1428;;;;459,3;463,3;459,6;111,9;112,9;115,5;3;6,6;0;23,5;23;22;48;48;48;16,6;16,3;18,4
Borger-Odoorn;1257;1182;1239;;;1,97;361,3;362,4;373,8;115,6;117;116,4;5,4;2,3;0,5;14,7;14,5;14,2;43;43;42;30;30,6;31,8
Borne;3940;3770;3315;1,36;0,45;1,32;398,8;414,8;403,9;106,6;108,7;101,4;5,1;9,6;4,8;2,9;3,4;2,9;48;47;48;22,6;25;26,8
Borsele;279;256;306;;0,88;;588,3;590,3;578,4;141,2;140,4;142,5;2;4;2,4;18,7;18,7;18,3;29;29;30;16,6;17,1;16,9
Boxmeer;3143;3100;2780;5,29;1,05;;715,9;716,2;716,4;93,4;92,9;94,2;;;;14,9;14,9;14,6;47;46;47;18,1;19,1;20,2
Boxtel;1213;1074;1089;1,54;2,77;8,86;614,2;621,6;613,3;94,6;95,9;97,4;5,3;2,5;2;6,9;6,8;6,6;40;41;40;22;22;23,7
Breda;1444;1446;1574;22,55;28,63;23,15;736,8;736,1;758,2;120,3;122,4;127,5;4,7;4,5;2,8;1,2;1,2;1,1;48;48;48;40,4;42,2;43,7
Brielle;-864;-915;-886;2,43;1,8;0,59;520,4;525;535,4;92,4;93,9;98,9;2,3;2,2;6,4;7,7;6,7;6,3;37;38;39;20,1;20,6;21,1
Bronckhorst;-76;-134;-116;1,09;0,82;2,2;493,4;499,1;497,3;131,2;133,4;136,1;5,2;4;1;18,7;18,1;17,5;41;42;40;14,6;16,3;17,3
Brummen;2300;2311;2461;1,43;0,96;2,88;484,7;489,7;503,1;102,1;106,1;108,7;1,3;0,6;0;7,5;6,6;6,5;38;38;39;22,4;22,3;25,2
Brunssum;-202;-71;146;3,14;0,7;1,41;348,3;346,8;343,5;73,4;76,1;77,7;2,3;0;2,8;0,6;0,6;0,6;53;53;52;48,3;50,2;46,8
Bunnik;323;359;395;5,46;1,35;4,62;805,1;822,5;858,3;146,9;153,2;158,8;3,3;3,9;1,8;5,8;5,5;5,8;41;39;39;12,2;13,8;13,5
Bunschoten;2167;1764;1486;0,48;;0,95;681;714,5;730,1;113,5;119,1;119,7;4,8;1;2;4;3,8;3,7;36;36;36;12,8;13,9;14,4
Buren;691;461;410;0,38;1,53;;407;405,8;404,3;138,3;141,7;141,5;4,4;0,7;1,3;13,7;13,7;13,2;38;37;38;12,6;14;14,4
Capelle aan den IJssel;688;620;623;1,35;2,26;4,67;733,8;710,8;681,8;84,5;89;93,3;4,4;3,2;2,4;0,2;0,4;0,4;45;46;46;52,4;55,2;55
Castricum;1275;1162;1088;3,2;6,94;8,8;391,5;392,1;383,7;107;108,4;108,3;0,7;1;1;3,3;3,2;3,2;47;47;49;13;15;15,4
Coevorden;2589;2384;1887;3,94;1,98;4,25;531;532,2;534,4;115,2;114,4;114,5;5,7;2,1;1,7;15,1;14,9;15,2;46;46;45;39,4;40,5;40,8
Cranendonck;916;1043;1247;0,49;1,45;1,45;522,6;517,6;523,7;124,6;127,5;131,7;1,1;1;2;8,7;8,9;8,7;39;39;38;19,2;20,8;23,7
Cuijk;2603;2314;2396;1,22;2,84;3,24;548,5;553,6;569,8;78,9;80,1;83,4;;;;9,5;9,3;8,3;38;38;38;27;27,9;29,7
Culemborg;1991;1832;1566;1,81;1,09;1,79;606,9;614,3;605,2;114,6;118,5;116,1;3,4;3,8;2,1;1,7;2;2;45;46;46;38,9;39,1;37,6
Dalfsen;167;190;228;0,36;2,51;7,48;557,9;568,6;596,3;127,3;128,6;131,5;3,4;4,8;1,6;20,1;19,3;19,1;39;38;38;13;14,8;16
Dantumadiel;1333;1036;998;3,15;1,05;3,7;338,5;334,7;332,8;96,5;97,8;99,6;0;2,3;3;11;11,6;11,4;47;46;45;41,4;42,7;43,4
De Bilt;1906;1907;1904;0,71;3,78;3,74;596,5;618;624,4;144,5;148,4;152;3,1;2,3;2,2;2,8;2,7;2,6;49;49;49;21,6;23;25,5
De Fryske Marren;1006;904;1054;2,15;1,95;;538,1;546,9;549,9;139,8;144,4;145,6;1;4,1;2;13,4;13;12,6;44;43;44;27,2;29,3;30,4
De Ronde Venen;1797;1466;1220;1,64;1,88;1,87;506,5;510,7;517,2;143;148,7;150,3;2,7;3,5;2;6,1;5,8;5,7;39;39;39;15,8;16,9;17,6
De Wolden;58;28;-9;0,85;1,26;;442,7;451,8;456,8;145,3;144,9;147,9;3;1,2;1,6;20,9;20,4;20,3;44;43;43;14,3;15,3;16,3
Delft;2046;2162;2541;5,05;6,53;9,27;654,5;650,2;646,8;87,4;90,8;91,8;2,9;3,8;2,5;0,8;0,9;0,9;45;44;44;46,1;47,8;49
Den Haag;930;1226;1883;5,71;7,85;22,9;692,5;692,3;687;121;122,6;126,7;2,7;2,9;2,8;3,3;3,3;3,2;45;46;45;82,8;85,5;84,8
Den Helder;367;228;521;6,37;9,24;8,93;604,2;600,8;599,5;66,8;67,3;68,3;4,7;2,1;4,2;3,5;3,4;3,1;40;40;40;44,1;45,7;46,5
Deurne;2319;2187;1912;3,46;3,14;5,95;565,9;566,2;584,2;127,7;130;133,2;7,8;1,3;0,3;13,6;13,3;13,3;48;48;47;19,6;20,7;22,1
Deventer;2807;2550;2528;9,13;10,22;8,36;659,9;674,2;703,2;106,2;108,6;113;5,4;2,7;3,3;3,8;3,7;3,7;46;46;47;45,7;48,4;49
Diemen;2875;2357;1893;4,13;4,47;6,23;888,7;888,8;890,4;134,3;139;145,7;4,5;6,9;2,6;0;0;0;39;40;40;32,9;33,1;33,1
Dinkelland;1033;755;320;1,93;1,91;0,76;587,6;585,4;573,6;133,6;134,1;135,7;1,6;4,3;1,9;24;23,6;23,5;41;41;41;13,8;13,6;16,4
Doesburg;-1383;-1387;-1255;3,52;5,29;;427,1;403,7;415,9;95,3;96,3;99,1;3,9;6,5;1,3;1,2;1,2;2,3;44;41;40;47;49,1;47,5
Doetinchem;3184;3390;3252;9,91;28,51;8,41;758;750,7;765,1;108,5;109,1;110,8;6,6;4,4;4,8;4,1;4,3;4;49;49;49;34,1;35,3;37,5
Dongen;1823;1774;1825;1,97;;2,35;465,1;479,8;480,5;107,7;110,6;113,2;4;2,4;3,7;5,8;5,6;5,5;42;42;42;19,2;20,1;20,4
Dordrecht;2019;2045;2554;34,65;38,64;38,07;601,6;606,5;615,3;81,5;85,3;89,7;3,9;4,4;3,5;0,8;0,9;0,9;45;45;45;54,4;56,5;55,6
Drechterland;-152;-186;-337;1,04;;0,52;402,6;406,1;416,1;116;118,8;118,8;4;0;2,1;17,6;17,1;17,1;41;41;41;11,2;13,1;12,4
Drimmelen;-80;-146;-45;0,75;;0,37;419,8;419,4;440,4;110,2;110;112,6;4,1;4,4;1,2;10,1;9,6;9,4;48;48;48;10,6;11;11,9
Dronten;-752;-731;-235;1,98;1,23;2,95;504;526,1;536,5;124,1;126,3;127;6;2,2;2,7;14,4;14;13,8;44;44;44;27,5;28,2;28,5
Druten;1819;1737;1569;1,64;1,09;;513,7;514;508,3;102,3;104,2;104,9;1,3;4,6;1,3;7;7,5;7,4;43;44;44;23,7;24,9;26,5
Duiven;1495;1243;1020;1,17;0,79;1,18;747,8;813,1;841,3;98,8;101,9;102,7;7;3,2;5,2;3,1;3;3;41;41;38;27,6;28;29,8
Echt-Susteren;1133;1102;1785;3,13;4,7;2,2;517,6;545,1;570,9;116,1;118,8;120,5;9,2;4,2;6,3;7,6;7,5;7,1;44;44;44;22,8;24,3;24,3
Edam-Volendam;148;137;87;0,85;0,85;1,12;559,1;561,5;551,5;130,1;131,7;132,7;1,6;0,5;0,5;3,7;3,7;3,6;37;38;39;12,6;13,6;14,5
Ede;1747;1627;1421;6,09;12,36;9,43;680,8;675,2;680,3;118;120,9;120,8;4,7;2,3;1,8;8,3;8,2;7,9;45;46;45;26,4;28;29,5
Eemnes;-575;-305;507;1,14;2,25;1,11;457,2;445,2;468,4;158,4;161,4;163;6,4;0,9;8;5,7;5,6;5,4;35;34;33;16,1;15,9;17
Eemsdelta;2007;1705;1802;3,99;3,4;1,71;525,3;527,2;527,9;85,6;86,8;84,5;2,8;1,3;4;13,4;13,4;13,8;41;40;41;51,8;53,7;56,3
Eersel;153;152;-447;7,09;4,31;1,08;676,3;674,6;695,8;136,3;136,2;143,3;1,6;3,2;1,6;12,2;12,1;11,5;43;42;42;10,8;11,3;12,6
Eijsden-Margraten;1698;1550;2003;2;5,97;1,58;388,6;390,2;390,9;117,3;121,6;122,5;2,1;3,4;1,4;8;7,7;8;40;40;40;13,2;13,1;15,9
Eindhoven;1991;2294;2266;20,21;29,63;30,94;891,1;905,9;926,8;114,8;118;121,3;5,5;5,4;3,3;0,2;0,2;0,2;44;44;45;48,3;49,7;50,5
Elburg;725;584;512;0,88;0,44;0,87;546,4;564,8;566,5;98,3;103,1;102,4;6;6,3;0,6;7,3;6,9;6,9;37;38;38;14,9;16;18,8
Emmen;3643;3667;3997;14,85;10,88;23,16;578,2;569,4;559;96,2;96;95,8;7,4;5,5;4,5;6,6;6,7;6,7;46;46;46;53,6;53,5;55,4
Enkhuizen;1263;1147;926;14,17;5,42;4,33;562,5;563,5;559,4;114,2;113,1;113,3;5,6;3,6;1,8;2,5;2,5;2,5;42;42;43;28,5;29,7;29,6
Enschede;2788;2627;2495;18,35;13,83;25,1;684;686,1;702,8;96,9;98;99,8;5,6;6,5;4;1,6;1,6;1,6;49;49;49;72,4;74,1;73,5
Epe;16;-145;-187;5,9;3,41;1,23;511,3;523,7;537,6;108,6;111,6;111,1;2,3;3,6;3,2;7,7;7,5;7,4;41;42;41;23,1;23;23,1
Ermelo;-1123;-1096;-584;9,16;7,17;3,01;720,5;719,5;713,1;112;114,4;115,2;5,3;3,9;1,7;5;4,8;4,8;51;50;50;19,1;19,8;21,5
Etten-Leur;1075;965;1178;1,65;2,33;3,95;642,8;635;649,9;98,4;100,1;101,4;3,9;5,1;5;5,1;4,9;4,9;44;44;45;27,1;27,4;28,1
Geertruidenberg;882;904;1138;2,32;1,39;2,33;674,1;683,8;690,1;104,5;106,8;109,7;6;9,5;3,7;2,9;2,9;2,8;37;37;37;23,8;23,7;24,4
Geldrop-Mierlo;1264;1049;839;4,63;4,63;2,56;467;477,4;484,1;105,9;107,5;108,9;2,8;5,4;2,7;1,9;1,6;1,6;47;47;47;28,7;30,8;32,1
Gemert-Bakel;3261;2930;2894;1,69;;2;493,5;493,7;512,7;124,7;127,7;129,8;3;1,1;1,8;15;14,6;13,9;44;44;43;20;20,8;22,5
Gennep;564;621;522;;0,59;2,34;650,7;634,9;664,9;121,9;124,7;123,1;4,9;3,1;7;6,9;6,8;6,3;50;49;47;23,7;26,9;27,4
Gilze en Rijen;1110;857;1308;2,69;4,97;3,05;635,7;643,2;645,7;103,3;106,8;111,2;5;2,9;4,7;6,4;6,1;5,9;38;38;38;25,7;27,9;28,7
Goeree-Overflakkee;1433;1236;1183;0,83;0,41;1,44;524,7;539,6;540,2;101;113,4;114,9;6,4;2,6;2,3;10,8;10,3;10,3;47;47;47;13,9;14,9;16,8
Goes;3390;3029;2838;7,81;12,09;10,19;949,9;947,1;949,7;136,7;140,5;144,1;3,5;3,4;2,7;3,9;4,1;3,7;52;52;52;29,9;32,1;31,6
Goirle;700;580;752;0,43;1,29;0,43;424,5;429,2;435;107,1;111;112;3,9;4,9;1,6;2,7;3,1;3,1;52;51;52;22;23,6;21,2
Gooise Meren;1393;1398;1523;1,42;3,53;4,92;522,2;518,3;516,7;142;146,1;150,2;2;2;2,4;0,5;0,5;0,5;47;47;49;23,9;26;25,9
Gorinchem;4315;4087;3793;6,51;5,1;5,03;851,8;914,5;877,7;95,9;110,6;113,1;6,1;2,7;3,9;0,8;0,7;0,7;47;49;49;35,1;37,3;40,1
Gouda;4380;4157;4053;13,22;10,39;8,92;641,4;671;665,2;81,2;96,3;99,5;5,9;2,5;1,5;0,5;0,4;0,4;52;51;51;43,1;43,6;44,6
Grave;244;393;691;0,78;1,58;2,43;386,2;392,1;423,4;84,3;85,4;91,9;;;;8,4;8,4;8;50;50;51;18,5;19,6;20
Groningen;3907;4282;4372;16,16;21,85;22,57;773,7;779,1;800,7;99,9;102,1;105,4;4,2;2,9;3;1,1;1,1;1;49;49;49;68;68,8;69,3
Gulpen-Wittem;954;810;1420;4,83;4,14;4,18;375,8;374;378;123,5;125;127,2;3,3;0,8;1,6;10,1;9,9;9,9;48;49;49;16,2;18,6;18
Haaksbergen;2468;2192;1914;;0,82;1,65;534,7;540,6;549,3;117,9;118,5;122,4;3,1;2,5;2;14,1;14;14;41;40;40;24,4;25,3;24,2
Haarlem;3323;3123;3118;29,75;39,84;31,28;544,2;539,9;546,4;112,7;117,7;122,1;3;2,7;1,6;0,1;0,1;0,1;49;49;50;35,2;36,7;37,5
Haarlemmermeer;2769;2891;2586;4,68;3,4;6,53;1213,7;1221,2;1263,1;100,5;107,9;117,7;5,8;5,3;2,5;2,8;2,9;2,7;39;39;40;19,8;21,6;23,4
Halderberge;1415;1478;1904;3,73;2,71;3,04;490,2;499,5;521,9;107,2;108,1;112,1;4,6;2,7;1,9;9,1;9;8,3;45;44;46;22,9;25,7;25,7
Hardenberg;2687;2482;2220;3,86;0,67;1;580,2;580,4;573;111,4;113,1;113,5;12,1;4,8;3,2;17;16,7;16,4;44;44;43;24,1;25,5;26,4
Harderwijk;1026;1309;1113;10,7;17,4;13,16;701,6;691,6;672,2;105,9;107,1;107,4;4,9;5;3,5;1,4;1,4;1,4;49;48;46;30,3;31,8;32,8
Hardinxveld-Giessendam;2230;2124;1699;0,56;;0,56;602,4;610,5;615,8;94,5;98,8;102,9;1,3;1,3;1,8;3,3;3,1;3;35;34;34;12,6;14,8;16,2
Harlingen;1065;1262;1404;1,27;;1,26;544,7;545;558;115,9;118,9;120,9;3;54,4;2,1;4,4;5;4,9;44;43;42;51,8;53,1;54,5
Hattem;1359;1236;1206;1,69;2,52;0,83;454,1;458,2;471,9;103,9;107,9;108,5;2,3;2,2;3,2;4,5;4,3;3,2;43;44;43;17,4;18,4;20,2
Heemskerk;865;828;528;4,09;8,91;5,11;308,3;311,1;310;68,5;69,9;72,1;1,2;2;1,6;3,5;3,4;3,3;49;49;51;32,6;34;34,1
Heemstede;1017;944;979;6,8;5,6;4,46;447,3;441,3;452,8;124,5;126,2;130,6;1,1;1,8;1,4;0,4;0,4;0,4;54;54;54;13,9;15,2;16,6
Heerde;2227;2277;2136;1,08;2,16;;478,3;482,1;513,8;94,2;98,5;98,8;5,4;1,5;2,2;7;6,7;6,6;45;45;45;13,6;14,9;17,6
Heerenveen;2695;2443;2343;2,19;9,15;5,78;811,6;818,7;819,2;125,6;128,9;128,2;4;4,5;1,8;7,1;6,9;6,9;44;44;43;43,4;44,2;45,4
Heerhugowaard;1962;1661;1331;2,8;1,11;2;530,3;528,5;541,8;95;95,1;94,9;;;;3,9;3,9;3,8;44;44;45;23,6;24,9;25,3
Heerlen;2371;2475;2955;11,66;10,75;11,47;806;792,5;793,4;86,4;89,1;91;4,6;4,1;2,1;0,3;0,3;0,3;49;49;50;75,9;77,2;75,2
Heeze-Leende;874;817;883;0,65;1,28;1,91;543,9;524,7;520,7;142,2;143,3;145,9;4,4;6,2;1,8;10,3;9,5;9,9;49;48;49;11,2;11,8;14,1
Heiloo;2276;2317;1918;0,44;3,53;4,38;409,2;411,2;408,1;111,8;114,2;116,2;2,7;2,6;3,1;2,7;2,7;2,1;49;49;50;16,6;18,7;19
Hellendoorn;3696;3523;3382;1,12;0,84;0,28;515,6;516,7;531,6;102,1;103,6;106,2;8,1;2,8;3,1;13;12,8;12,4;45;45;44;20,3;23,1;23
Hellevoetsluis;1989;2111;2030;0,75;5,02;5,76;338,7;344,6;348;69,5;72,2;75,4;1,8;2,5;4,5;3,2;3,1;3;54;53;53;33,5;34,6;35,4
Helmond;1203;1216;1311;14,94;10,65;13,91;618;626,6;639,2;99,7;102,3;103,5;4,9;3,8;3,3;1;1;1;44;43;43;50,2;50,2;50,2
Hendrik-Ido-Ambacht;4422;4152;4066;;2,38;1,01;381,1;385,1;385,1;80,6;83,2;84,2;3,4;4,1;1,8;0,6;0,6;0,6;42;42;43;16,3;18;20
Hengelo;2752;2836;2865;4,56;2,1;5,69;801;783,1;799,9;111;111,9;116,3;6,8;4,8;2,9;1,5;1,5;1,4;43;42;42;48,2;49,7;50,6
Het Hogeland;1519;1255;1432;1,03;0,62;0,21;425,5;420,3;429,2;105,4;104,3;104,5;2,2;0,8;0,8;18,2;18,5;18,2;41;41;41;33,3;35,7;37,5
Heumen;-135;-170;-9;0,61;6,11;2,43;408,4;402,8;412;115,4;116,8;116,8;6,9;0;2,2;5;4,9;4,9;48;49;50;20,9;25,3;26,4
Heusden;3320;3035;2919;0,7;1,39;2,07;419,6;432,5;440;97,3;100;102,3;8,1;2;4,4;6;5,8;5,6;37;37;37;22,2;21,1;21,3
Hillegom;-964;-706;-430;5,21;8,54;2,35;436,2;458,4;463,7;88;104,8;107;2,3;0;1,6;5,8;5,4;4,7;44;44;43;18,3;18,9;19,8
Hilvarenbeek;524;445;445;1,33;;1,96;531,1;541,5;543,8;138,7;139,3;140,3;3,1;0;0,6;15,8;15,6;15,4;41;41;42;12,5;13,2;12,2
Hilversum;2136;2080;2184;17,67;19,36;18,34;713,4;706,2;694;123,2;126,1;129,7;3,6;3,3;1,6;0,3;0,2;0,2;47;47;47;35,9;37,6;38,6
Hoeksche Waard;541;427;439;0,83;1,53;0,82;476,9;511,8;513,4;98,9;112,8;114,5;3;1,7;3,6;6,5;6;6;42;42;42;12;13,9;15,5
Hof van Twente;634;595;557;1,72;0,86;;601,4;596,3;612,1;140,4;141,4;143,3;2,9;4,6;2;18,1;18;18,2;43;43;43;18,7;20,1;21
Hollands Kroon;470;555;905;1,05;0,84;;448,3;466,6;484,4;126,6;128,9;141;2,4;1,1;1,9;20,9;20,7;19,4;37;37;37;17,1;18,4;19,4
Hoogeveen;1846;1931;1976;0,55;0,72;0,9;701;700,3;695,9;101;100,7;100,9;5,2;2,8;2;6,4;6,1;6,3;45;45;45;38,6;38,7;39
Hoorn;1608;1393;1597;12,38;8,31;9,79;585,9;586,3;586,6;102,7;103,9;104,8;4,6;4,6;1,2;0,7;0,7;0,7;49;50;49;36,8;38,7;39,7
Horst aan de Maas;1220;1186;1336;3,36;3,84;3,8;587,4;592,8;583,2;117;117,9;117,4;4,5;2,3;2,9;18,5;18,3;18,4;46;46;45;15,7;15,9;16,5
Houten;1984;1865;2010;0,62;0,62;3,45;639,3;643,1;658,9;124,5;127,3;127,5;2,8;3,4;1,8;3,6;3,3;3,2;43;43;43;16,7;18,3;20,7
Huizen;-1661;-1812;-1413;2,9;0,97;0,72;424,2;414,5;413,6;98,1;99,6;103,2;2;2,7;2;0,3;0,3;0,3;50;51;50;30,1;31,8;33,4
Hulst;1390;1310;1376;0,37;1,1;0,73;462,6;465,3;464,2;112,7;116;116,6;2,6;2,5;0;16,7;16,2;16;49;50;50;18,7;18,6;18,1
IJsselstein;190;36;22;0,88;0,59;1,75;544;546,3;563,6;105,2;108,8;109,9;4;1,4;2,5;1,9;1,8;1,8;44;44;44;23,8;26;26,9
Kaag en Braassem;1240;1431;1511;0,77;0,38;0,76;439,9;473,7;483,1;106,8;121,2;124,9;2,8;2,7;1,5;15,3;12,5;12;38;38;38;12,7;15,4;17,1
Kampen;2649;2636;2408;5,25;7,7;1,71;548,3;547;561,6;111,1;113,5;114,5;6,9;4,2;1,9;9,6;9,6;9,4;43;43;43;24;26,3;28
Kapelle;2022;2142;2065;2,39;1,58;0,79;533,2;535,8;549,6;130;133,7;136,9;2,9;1,9;0,9;12,6;12,2;11,1;37;37;38;11,4;12,4;13,4
Katwijk;1738;1754;2106;4,24;2,02;1,55;451,8;484,8;491,2;72,8;81,4;84,4;4;1,9;3,5;4,1;3,4;3,2;44;43;43;20,9;22,1;22,5
Kerkrade;1541;1475;2011;6,02;5;3,48;425,5;422,9;423,6;77,6;80,6;81,8;3,3;2,9;4,8;0,4;0,3;0,3;47;47;47;60,9;60,5;58,8
Koggenland;268;143;-29;1,34;3,12;0,44;462,2;469,3;468,4;122,4;123,4;123,3;0,9;0;3,5;16;15,3;15,2;36;36;37;10,9;12,5;13,6
Krimpen aan den IJssel;744;824;923;4,49;4,47;3,78;462,2;463,4;459,9;83,7;89,2;90,7;8,5;3,4;1,4;0;0,5;0,5;39;38;38;24,7;28,1;30,3
Krimpenerwaard;907;821;922;0,74;0,73;0,91;460;484,6;490,6;102,8;116,4;118,5;;;0;8,4;7,6;7,4;38;37;37;18,8;20,5;21,1
Laarbeek;1240;1148;1052;0,91;1,82;0,46;458,4;469,5;477,8;125,8;126,6;131,1;2,6;2;3,5;8,2;8,6;8,3;40;40;40;15,5;16,6;17
Landerd;458;368;403;1,31;;0,65;495,8;494,7;514,3;105,9;106,7;110,5;;;;18;17,1;16,4;44;43;44;10,8;13,2;16,4
Landgraaf;-298;-124;407;0,53;3,2;2,4;336,9;331,4;336,3;76;76,9;78,4;3,7;4,2;1,5;0,9;1,3;0,9;48;49;49;42,2;44;43,2
Landsmeer;784;367;585;0,92;;0,89;420,5;425,8;408;174,6;184,9;183,8;1,7;0,8;2,3;2,1;2,6;1,9;46;45;46;15;16;16,7
Langedijk;2711;2600;2627;0,37;0,73;2,9;409,3;406,4;412,5;105,6;105,7;107,2;;;;3,2;2,7;2,7;43;43;44;16;17,3;19,4
Lansingerland;4897;4736;4207;;3,39;1,33;573,3;597,5;596,8;102,2;108,9;113;2,9;1,4;3,1;7,7;7,3;6,9;38;38;39;15,9;17,4;18,5
Laren;987;928;1024;0,92;;1,8;608,5;615,3;606,2;167,5;170,5;174,5;5,8;6,8;2,8;0;0;0,8;57;57;56;12,5;15,9;18
Leeuwarden;3458;3440;3919;28,18;30,2;21,69;751,6;761,9;762,1;107,1;109,9;111,7;3,7;3,1;2,6;3,6;3,5;3,4;51;51;50;69,4;73,8;76,7
Leiden;1323;2015;2610;23,94;31,82;23,94;689;717,8;716,6;79,6;94,7;99,8;3,7;3,3;2,3;0,1;0,1;0,2;51;51;52;42,9;44,4;45,4
Leiderdorp;1243;1099;636;1,86;2,97;0,74;599,4;604,5;600,1;80,9;95,5;99;4,9;5,7;1;1,2;1;1;63;62;62;22,5;24,7;25,9
Leidschendam-Voorburg;1206;1161;1511;1,89;1,89;4,83;410;409,6;398,1;99,7;100,7;102,5;1,1;2,3;1,9;1,8;1,8;1,8;52;52;52;39;41,1;43,1
Lelystad;2261;2104;1970;5,37;2,21;3,77;615,6;620,1;627,2;114;117,9;120,6;4,3;3,8;3,9;2,3;2,2;2,1;49;48;48;52,6;53,3;54,4
Leudal;793;708;1568;0,55;1,66;1,11;498,8;498,2;503,7;117,5;119,4;120,3;3,8;2,4;3,3;16;15,8;15,1;45;46;46;15,6;17,9;17,9
Leusden;-869;-652;-177;4,47;2,39;1,01;697;677,4;660,4;130,5;133,3;136,9;4,9;4;2,8;3,5;3,4;3,3;44;44;45;15,3;17,8;18,8
Lingewaard;907;912;1088;0,22;1,74;1,08;432,9;428,8;430,5;97;101,4;102,3;5,2;2,7;0,6;6,9;6,6;6,5;48;46;46;15,6;17,5;19,2
Lisse;2484;2423;2443;4,88;3,54;1,76;504,4;536,1;537,6;90,9;105;109,5;3,6;1;0,5;5,2;4;3,8;45;45;46;15,6;16,6;18,6
Lochem;603;650;721;0,9;2,1;3,88;557;547,8;550,9;136,3;138,8;139,2;4;1,8;2,3;13,3;12,7;12,3;45;45;45;20,1;23,1;23,2
Loon op Zand;1124;1156;1171;10,45;2,18;3,9;514,3;533,6;549,5;110,5;114,1;116,8;5;3;1,4;4,7;4,5;4,4;50;50;50;18,3;18,9;18,2
Lopik;-241;-337;-294;1,42;;2,11;484,5;492;501,4;134,1;135,6;136,2;2,1;1,3;1,3;16,2;15,9;15,6;32;31;30;14;14,7;15,5
Losser;1170;984;928;0,45;0,45;0,44;446,1;452,3;468,9;102,4;104,6;106,3;3,1;4,3;2,4;14,5;14,7;14,4;48;49;50;27,3;28,9;28,8
Maasdriel;1292;1113;950;;3,32;2,47;550;548,7;548,4;146,2;149,6;148,3;2,4;1;0,7;10,4;10,2;9,9;39;39;39;13,6;15,7;16,6
Maasgouw;-367;-27;1035;0,84;1,26;1,68;464,7;449,7;451,1;118,6;119,5;122,5;4,1;4,5;2,4;2,8;2,7;2,7;46;46;45;19,6;20,6;22
Maassluis;1681;1644;1690;0,62;0,93;1,85;304,3;311,3;312,8;72,4;73,6;77,3;4,2;1,5;2,9;2,3;1,7;2,1;47;47;47;44,3;46,8;46,9
Maastricht;1755;1851;2040;11,93;10,36;12,87;719,1;725,1;725,9;101,4;103,4;104,1;4,6;4,7;3,7;0,5;0,5;0,5;49;49;49;46;47,5;46,4
Medemblik;151;182;232;1,61;2,52;0,91;568,2;574,8;589,3;124,7;125,4;128,9;4,5;1,6;1,8;13,6;13,3;12,6;39;40;40;17;18,6;19,6
Meerssen;-587;-746;460;3,67;5,78;5,77;352,9;349,3;342,5;110,5;114,1;113,7;3,5;7;1,4;3,1;3;3;45;46;45;17,8;18,4;20,8
Meierijstad;2452;2066;2103;2,02;3,02;2;723,2;728,7;749,1;107,9;108,7;111,2;3,8;3,7;3,2;10,4;10,3;9,8;39;39;39;17,7;18,7;19,2
Meppel;3819;3508;3453;3,96;0,91;2,73;774,9;763,2;737,7;109,9;109,5;107,6;2;3,5;4,3;3,7;3,7;3,8;49;49;49;32,8;35,1;36,2
Middelburg;4498;4202;3792;2,1;5,22;16,24;675;661,4;659;113,6;113,9;115,9;7,5;1,8;1,2;3;3,2;2,9;50;51;51;43,6;45,8;45,6
Midden-Delfland;2174;-98;433;1,6;1,59;3,15;511,4;508,7;496,7;108;108,5;112;0,6;0,6;1,1;13,9;13,7;13,2;37;38;37;9,6;10,9;14,8
Midden-Drenthe;1;1155;1058;0,9;1,49;0,6;542;544,6;547,5;118,7;116,5;116,1;0,7;1,8;3,8;19,9;20,1;20,5;43;42;41;24,8;26,1;26,8
Midden-Groningen;1766;1645;1634;1,8;2,62;3,6;455,1;451,4;445,8;89,6;89,8;89,8;4,1;2,7;1,7;10,4;10,1;9,8;39;39;38;46,6;48;50,9
Mill en Sint Hubert;1116;1093;1079;;;;453;468,5;484,3;103,2;104,1;107,2;;;;16,5;17,4;16,9;40;39;38;12,6;16,1;16
Moerdijk;-292;23;207;0,54;3,26;1,62;756,4;731,1;741,4;120;119,5;122;3,9;4,5;3,9;6,6;6,6;6,4;32;32;32;19,4;20,8;21,9
Molenlanden;-185;-297;205;0,69;0,92;0,68;513,1;529,6;531;102;113,6;115,2;3,6;2,2;1,7;12,9;11,5;11,6;32;31;32;10,1;13,4;14,1
Montferland;2460;2098;2104;1,71;3,13;4,53;535;534,8;538,4;99,6;102,4;102,1;7,6;5,7;1,4;8,6;8,4;8,4;45;43;42;24,6;24,8;22,2
Montfoort;994;813;720;0,73;1,45;;532,7;527,8;533,9;131,7;133,9;133,7;4,5;1,4;0;8,2;8;8;33;33;34;11,5;12,4;13,2
Mook en Middelaar;-1071;-1013;-1066;;;1,29;350,3;339,5;319,8;128,2;123,9;127,6;7,8;1,5;1,5;2,7;2,7;2,7;40;41;41;19,1;22,1;18,8
Neder-Betuwe;1143;844;750;0,44;1,3;0,43;598,9;600,8;632,1;121,8;124,9;122,6;5,9;5,6;0,9;14,9;14,8;14,4;37;37;37;19;19,3;20,8
Nederweert;-535;-899;-1212;0,6;0,6;0,59;487,6;495,3;498,1;146,4;147,7;146,4;4;2,3;1,1;18,6;18,4;18,5;43;43;44;13,2;14,6;13,7
Nieuwegein;2756;2291;2082;1,47;4,37;1,29;868,3;887,3;894,9;108,1;110,2;110,7;7,8;3,3;3,4;0,4;0,4;0,4;41;41;41;31,7;33,6;34,1
Nieuwkoop;385;374;200;2,21;0,36;0,36;474,1;500;502,9;105,9;120,4;122,1;2,3;2,5;2,4;14,1;12,6;12,3;42;42;41;13;15,1;15,2
Nijkerk;760;623;268;2,69;2,91;4,31;668,8;677,9;698,3;121,5;125,1;124,7;3;4,9;1,2;4,9;4,7;4,7;36;36;36;14,4;16,8;18,4
Nijmegen;4046;3774;3805;13,36;17,84;18,5;717,6;705,8;706,9;99,9;103;104,6;4,3;3;3,2;0,3;0,3;0,3;51;51;51;63,3;66,5;67,7
Nissewaard;3832;3607;3566;8,46;1,9;2,02;335,5;341,4;343,7;58,4;61,6;64,5;8,1;6,1;4,1;2,4;2,2;2,1;51;51;51;40,3;43,3;44,7
Noardeast-Fryslân;1742;1498;1502;1,32;0,66;0,44;472,2;471,9;484,2;114,3;117,4;118,6;1,4;1,4;1,1;18;17,8;17,8;43;42;42;38;40,3;40,2
Noord-Beveland;1067;1071;1545;2,69;;1,35;491,4;492,5;508,2;164,4;169,5;172,4;3,6;4,8;1,2;17,2;16,7;16,5;44;45;46;19,6;21,1;19,5
Noordenveld;1773;1600;1471;0,64;0,64;0,61;468,2;469,3;453,5;116,2;116,9;112,1;4,9;2,8;3,9;9,4;9,4;9,4;43;44;46;27,9;28,8;30,1
Noordoostpolder;-35;-165;-390;3,01;1,08;2,36;704,8;720,7;725,4;140;144;144,3;3,7;1,7;2,1;23,6;22,9;22,7;44;43;43;30,6;33,3;34,9
Noordwijk;1132;1080;1010;3,6;3,34;8,3;650;693,8;697,6;111;127;131;3,4;3;1,6;7,6;6,4;6,1;46;45;45;16;17,1;18,4
Nuenen c.a.;3476;3353;3511;1,33;1,76;5,69;431;435,2;439,6;130,8;134;137,8;1,8;2,6;1,3;2,7;2,6;3;40;40;40;24,6;25;25,4
Nunspeet;505;580;324;5,98;6,71;2,97;666,1;683,2;674,7;113,5;117,4;118,7;4,3;5;2,8;7,2;7;6,9;43;42;42;17;17,9;18,7
Oegstgeest;3652;2889;1841;6,96;1,72;5,93;426;441,3;437,9;87,7;101,7;102,8;0,6;1,7;0,6;1,4;1,2;1,1;54;54;54;18,5;21,1;22,9
Oirschot;1158;877;661;1,66;1,1;0,54;790,2;790,6;786,8;139,7;145,4;146,6;2,7;2,1;0,5;14,6;13,9;13,5;32;33;32;11,8;12,3;12,1
Oisterwijk;1877;1515;1144;1,28;1,27;2,21;551,5;572,1;591,3;137,8;139,4;142,4;4,2;3,2;2,8;6,9;6,7;6,5;48;47;46;17,3;16,4;16,7
Oldambt;1909;1775;1742;4,16;1,83;1,84;513,8;499,1;509,8;93,5;91,1;94,4;8,9;2;2,3;8,8;8,7;8,8;48;48;48;54,5;56,5;59,1
Oldebroek;-782;-737;-644;0,87;3,03;0,43;490,3;491,4;489,4;108,3;109,9;110,3;2,2;3,1;0,5;10,3;10,1;10;36;36;36;16,3;20,1;21,1
Oldenzaal;1257;1224;1014;0,93;1,56;1,56;773,5;778,2;772,4;110,3;112;113,5;6,9;2,4;2,8;1,1;1,1;1,1;39;40;40;30,8;31,6;32
Olst-Wijhe;1925;1659;1514;;1,68;1,67;462,7;461;468,4;116,2;116,2;119,1;2,2;2,1;1,4;20;19,9;19,3;42;43;44;14,9;16,9;18,2
Ommen;1740;2129;1496;2,88;1,7;0,57;639,5;636,5;655,8;135,4;132,8;136,8;1,3;3,7;1,8;21,3;20,6;20,8;46;46;46;19,8;20,8;22,4
Oost Gelre;935;1080;1362;;1,02;0,67;705,3;722;726,5;106,3;109,6;109,7;5,3;6,8;1,9;14,5;14;13,5;40;41;41;16,8;18;19,1
Oosterhout;1506;1295;1101;2,79;2,78;1,83;662,8;657,2;667,5;108,8;110,7;113,7;5,4;8,1;3,4;2,7;2,6;2,5;42;42;42;32,2;31,7;32,2
Ooststellingwerf;925;810;987;1,56;;0,39;458,4;466,5;472;117,6;121,1;123,5;2;1,4;0;18,2;17,7;16,9;45;45;45;34,1;36,5;36,4
Oostzaan;3059;2886;2807;;1,05;;450;480;514,1;129,8;139,1;138,8;1,3;2,4;1,1;1,1;2;2;39;39;38;15;15,8;18,2
Opmeer;19;-292;-388;;0,88;;544;531,8;536,2;125,1;123,9;124,2;2,7;0,9;0,9;13,2;13,2;12,1;38;38;38;14,7;14,5;15,4
Opsterland;1114;1012;1064;0,33;0,67;0,67;481,4;482,7;496,1;125,9;127,2;127,2;4,8;1,2;0,8;15,1;14,9;14,9;48;47;48;32,6;33,4;33,3
Oss;1368;1228;1157;2,12;2,22;4,43;581,7;584,4;592,9;93,4;94;96,9;3;3,4;5,5;6,4;6,5;6,4;40;40;40;27,4;29;30,7
Oude IJsselstreek;2979;3063;3024;2,02;4,29;0,76;555,4;567,5;567,8;101,7;104,1;104,3;4,5;5,1;2,2;11,6;11,7;11,3;43;43;42;27,2;29,3;29,2
Ouder-Amstel;-735;-603;-313;;4,47;2,24;1440,6;1472,5;1509,3;216,7;227,2;234,8;3,4;3,9;1,1;1,9;1,8;1,7;40;39;39;21,1;21;22,8
Oudewater;376;326;130;1,01;1;1,96;543,7;576,3;557,9;144,8;149,1;152,8;1,7;1,7;0;13,2;12,6;12,2;36;34;36;12,9;15,2;13,8
Overbetuwe;1409;1420;1337;;0,64;0,21;540,8;555,9;568,2;117;120,5;121,4;5,6;4,1;2,8;6,6;6,4;6;40;39;38;19,2;19,6;20,2
Papendrecht;2094;2284;2311;1,24;3,41;4,65;581,1;574,1;617,4;75,7;77,6;81,2;6;3,6;1,8;0,6;0,5;0,5;34;34;34;25,2;27,9;28,5
Peel en Maas;1596;1787;1803;0,46;1,15;2,08;526,3;527;528,7;111,8;112,8;115,4;3,5;2,3;3,7;17,7;17,1;16,7;43;43;42;15,4;15,7;15,9
Pekela;889;867;748;;;;292,8;291;279,5;72,9;72;71,2;3,1;1,5;0;9,9;10;8,8;39;40;38;56,6;57,5;58
Pijnacker-Nootdorp;2987;2588;1976;0,2;0,96;0,76;428,2;426,8;417,5;105,7;107;106,2;3;2,7;0,7;7,9;7,7;6,9;40;40;40;15,3;15,3;16,5
Purmerend;3404;3427;3416;3,89;5,01;3,13;429,4;430,5;438,3;85,9;88;89,5;1,7;2,2;1,2;0,2;0,2;0,2;52;53;53;32,6;35,4;35,5
Putten;-1601;-1357;-932;6,56;2,45;0,82;516,4;520,2;527,1;127;126,2;129,7;3,2;4,7;0,8;11;11;10,8;42;42;42;15,3;16,7;17,3
Raalte;1698;1782;1995;2,19;2,72;9,48;596,5;596,4;579,2;113,9;116,6;118,3;1,4;2,4;3,4;19,3;18,8;18,7;49;48;45;15,5;17,2;18
Reimerswaal;1265;1125;1113;3,17;1,8;1,34;607,9;613,6;628,8;125,7;127,8;130,4;0,5;0;1,6;17,3;16,8;16,3;35;34;35;15,9;17,5;18
Renkum;329;319;599;2,87;3,2;4,46;476,3;486,2;500,9;121,4;127,6;130,2;1,9;6,9;1,8;1,1;1;1;52;51;52;31,4;34,2;35,2
Renswoude;-854;1412;1412;;3,96;1,96;823,1;847,6;863,5;161,3;157,6;158,2;1,6;1,5;0;15,5;15,5;15,3;38;38;39;8,3;10,8;10,7
Reusel-De Mierden;2471;2232;2184;3,13;2,34;1,55;425,1;423,5;421,9;131,5;135,4;137,6;4;0;5,3;17,1;17,3;16,9;40;40;40;8,8;10,7;12,6
Rheden;1300;1260;1490;3,21;5,25;2,98;487,4;479,2;552,3;105,2;107,6;108,6;6,8;4,8;0,9;1,8;1,7;1,4;49;49;47;34,8;35,9;37
Rhenen;1350;1340;1247;1,55;1,55;3,06;429,9;431,2;442,2;120;123,5;126,5;2,9;3,9;2,2;6;5,8;5,6;46;45;47;23,5;26;23,7
Ridderkerk;1069;1157;1156;0,89;0,89;0,66;604,8;617;620,7;88,2;91,9;94,2;3,4;3,4;3,9;2,7;2,3;2,2;41;41;42;25,1;28,1;30,6
Rijssen-Holten;1232;1099;1026;0,79;1,32;0,26;713,1;724,5;745,1;106,2;108,4;110,7;2,4;5,8;3,3;8,1;7,9;8;37;37;37;17,7;19,8;21,1
Rijswijk;5420;5236;4794;2,28;3,65;11,17;949;917,4;876,9;110,4;112;110,8;16,5;4;4;0,8;1;1;42;42;41;43;44,6;44,1
Roerdalen;465;-512;515;;2,9;0,97;325,4;329,6;330,3;97,2;99,6;100,5;2,2;2,9;0,7;11;11,3;11,3;42;43;43;19,7;23,7;22,5
Roermond;1587;1575;1597;10;7,72;5,4;805,2;795,9;786,4;110,1;112,6;113,8;6,2;4,9;3,6;1,7;1,4;1,6;48;49;49;51,5;52,4;51,6
Roosendaal;1232;1193;960;8,59;13,64;12,31;648,7;647,6;654,3;102,5;103,1;106,1;5,9;7,2;4,7;4;3,8;3,7;48;48;48;37;39,7;40,8
Rotterdam;2335;2324;2441;11,9;15,42;18,04;728,7;737;745,6;91;97,4;103,2;5,2;3,8;3,3;0,6;0,6;0,5;44;44;44;101;101,5;99,7
Rozendaal;-5204;-4004;-5639;;;;425,5;447;382,4;135,4;145,8;153;0;0;0;0;0;0;56;57;55;0;8,5;8,4
Rucphen;692;774;930;0,45;1,35;2,24;357,5;352,4;354,6;116,3;117,1;119,3;0,5;3,6;4,5;8,8;8,7;8,5;41;40;40;20,4;23;23,4
Schagen;1237;845;758;1,08;3,03;4,76;594,1;595,2;601,1;124,4;124,5;124,9;2,5;2,5;1,1;12,2;12;11,7;43;43;43;18,6;19;20
Scherpenzeel;-592;-575;-425;2,1;1,05;;692,4;693,2;716,9;111;115,8;117,6;4,7;1,1;2,2;7,9;7,5;6;31;32;32;9,8;12,6;13,6
Schiedam;5031;5559;5647;5,2;7,39;9,76;604,3;603,7;598,7;78,7;81,9;84,8;5,7;6,4;4,5;1,1;1,2;1,4;43;43;43;54,8;57,7;57,2
Schiermonnikoog;5173;5695;5809;;;;812,8;852,6;795;188,7;187,9;181,3;0;0;0;7,7;7,7;7,7;47;50;47;13,1;13;12,5
Schouwen-Duiveland;1321;1297;1318;0,59;6,82;2,96;607,7;606,4;617,4;165,3;168,1;172,8;4,4;3,3;1,3;12,3;12,3;11,7;44;45;45;18,5;21,4;21,3
's-Hertogenbosch;1348;1343;1673;12,79;12,2;25,26;839,7;845;864,4;111,2;113,8;118;5;4,4;3,9;1,6;1,5;1,4;45;45;46;42,1;42,1;42,4
Simpelveld;351;247;416;;1,86;1,89;268,2;272,4;267,1;87;92;95,7;1,6;0;3,1;6,9;6,7;6,5;52;53;52;23,2;22,3;21,5
Sint Anthonis;-1;-382;-406;;;;473,4;474,2;477,6;122,1;124;127,1;;;;36,8;36,1;36;45;45;45;10,8;10,8;13,9
Sint-Michielsgestel;349;102;1;0,7;;1,4;387,2;392,8;404,7;114,8;117;118,5;3,3;1,4;1,4;7,5;7,7;7,6;46;45;46;13,9;14,3;14,6
Sittard-Geleen;2997;3333;3539;10,35;10,05;8,36;705,5;712;750,2;102,7;105,1;105,1;5,7;3,1;2,5;1,3;1,2;1,2;43;43;41;44,6;47;45,7
Sliedrecht;918;966;1012;1,62;1,2;0,4;804,7;821,6;819;83,9;88,3;89,6;4,5;0,6;3,3;0,7;0,6;0,6;42;43;43;27,5;31,9;33,3
Sluis;2639;2520;2734;3,79;1,69;5,07;632,6;622,2;601,9;161,2;162;164,2;1,6;2,3;0,8;19,9;19,8;19,9;48;49;50;19,7;20,7;21,1
Smallingerland;1560;1584;1359;1,62;3,79;3,23;675;675,9;686,2;102,3;104,4;105,4;5,8;4,8;5;5;4,9;4,8;45;45;45;50,9;53,9;55,5
Soest;376;498;650;1,32;2,86;2,18;520,6;512,9;517,7;137,2;142,5;145,2;4,6;5,1;0,8;0,9;1;1;43;43;43;26,2;28,4;28,7
Someren;-1145;-1135;-1386;;;;580,6;587,7;586,1;139,1;142,5;145,2;1,5;3,9;1,4;14,5;14,5;13,7;39;38;37;17,2;18,9;19,4
Son en Breugel;355;308;356;10,4;3,65;4,81;1168,8;1215,3;1244,3;148,7;150,6;152,3;15;2,4;0,6;3,5;3,4;3,3;36;35;35;18,8;21,8;21,4
Stadskanaal;499;701;911;0,92;1,53;0,93;491;490,5;510,5;92,5;91;93,7;3,2;1,9;3,2;7,6;7,3;7,6;48;47;47;46,3;46,9;49,6
Staphorst;-1264;-1320;-1371;0,61;;1,2;653,9;672,8;677,8;139,1;139,2;141,5;1,3;1,2;0;26,7;26,4;25,7;31;31;31;12,8;15,2;16,7
Stede Broec;1026;699;715;2,33;1,4;0,93;329,6;332,4;334,4;80,6;81,1;82,8;5,2;0,7;2,9;7,6;7,5;7,4;48;49;50;19;21,9;22,4
Steenbergen;-546;-660;-637;;1,28;2,09;397,7;389,9;386,1;108,6;107;106,1;7,5;4,9;2,5;14,1;13,9;14,2;46;45;45;22,8;23,9;23,3
Steenwijkerland;1267;1191;1234;3,93;5,08;2,53;501,9;495,5;502,6;132,7;133,8;136,1;2,8;6,5;2;13,6;13,5;13,2;45;45;45;31,9;31,8;30,4
Stein;1340;1425;1541;;2,79;0,8;477,3;452,1;458,2;92,3;93,5;95,5;2,6;1,9;2,6;1,7;2,2;2,2;37;38;38;19,1;20,1;20,5
Stichtse Vecht;1124;1150;1233;2,82;1,56;2,02;477;474,9;484,5;127,6;132,4;134,2;2,2;2,6;2,2;3,9;3,8;3,5;43;44;44;19,1;21,4;22,4
Súdwest-Fryslân;1765;1650;1571;1,12;1,9;1,56;616,3;621,2;626,9;133,3;135,3;136,4;1,7;2;0,8;12,5;12,2;12,1;43;43;43;41,4;42,5;43,5
Terneuzen;3204;3065;2927;9,16;11,89;7,69;720,1;722,4;730,2;101,8;103;105,6;4,8;6,1;1,6;10,3;10,2;10;40;40;40;29,7;31,2;31,6
Terschelling;1988;1589;2439;10,36;6,16;2,06;638,4;643,5;669,3;180,1;175,3;184,9;3;1,4;0;7,4;6;7;47;46;45;7,5;7,4;7,3
Texel;1398;1417;1349;6,63;3,68;5,91;753,5;748,9;768,1;179;177,9;180,3;1,6;0,5;1;16,7;16,7;16,4;41;42;42;12,8;13,6;15,3
Teylingen;-495;-654;-656;3,09;3,61;4,16;561;600,5;593,9;90,2;106,5;108,8;3,1;3,9;2,3;5;4,6;4,1;43;43;42;12,3;13,5;15,2
Tholen;1694;1654;1988;0,39;2,36;0,78;459,8;459,5;468,1;129,5;132;135,1;1,4;1,9;0,9;17,8;17;16,5;39;40;41;20,6;22,5;22,3
Tiel;1650;2118;2116;9,86;23,85;9,16;729,1;728,9;732,2;101,3;103,9;102,6;5,7;5,9;3,1;2,2;2,1;2,1;46;46;47;52,3;54,3;51,3
Tilburg;-239;-263;52;11,79;14,89;20,36;664,4;668,1;680,8;100,1;101,7;102,9;4,2;2,6;2,7;1,1;1,1;1;48;48;48;51,7;54,7;54
Tubbergen;329;2;-215;;;;525,9;538,4;557,1;133,7;136,7;138,8;1;1,9;4,3;26,9;26,2;26;39;39;39;10,5;10,5;12,8
Twenterand;893;870;879;1,18;1,18;0,59;440,5;455,2;465;100,4;101,4;103,2;6,2;3,3;2,4;11,2;11,1;11,2;42;43;42;22,5;26;27,1
Tynaarlo;1587;1290;1043;2,15;1,83;3,31;488,4;479,4;488;118,1;118,1;119,2;6,1;1,6;1,9;7,2;6,8;7;50;49;51;22,6;22,8;25,1
Tytsjerksteradiel;1048;898;848;3,13;1,56;0,63;397,7;404,7;413,7;104,2;107,3;108,2;2,6;0,8;0,8;12,3;11,9;11,8;44;43;43;28;30,2;30,9
Uden;1864;1831;1649;3,65;6,06;2,9;770,4;775,6;785,1;104,8;107,8;110,2;;;;6,5;6,3;6,1;48;47;47;25,7;26,2;27,8
Uitgeest;54;-8;-21;5,27;3,74;0,74;356,3;361,4;367;83,8;87,4;89,5;1;5,7;0,9;3,6;3,4;3,3;38;38;40;15,6;16,3;18,1
Uithoorn;2521;2384;2253;0,7;1,37;1,71;608,5;599,8;611,3;108,4;109,8;113;4,8;2,7;3;5,2;5;4,9;37;37;37;19,1;18,3;18,2
Urk;2376;1709;1881;;0,5;;668,5;676,2;714,5;116,2;117,9;119;3,4;0,6;1,2;8,4;8,2;8;43;43;43;11,7;13;14,3
Utrecht;2392;2456;2470;19,18;30,36;29,71;935,1;935,2;937,8;133,1;137,2;139;5,1;3,1;1,8;0,2;0,2;0,2;46;47;47;50,4;50,7;51,4
Utrechtse Heuvelrug;2363;2440;2576;2,28;3,09;6,32;657;626,4;632,2;152,5;155,5;158,4;2;2,1;0,9;3,4;3,3;3,4;46;47;48;20,3;21,7;22
Vaals;2060;2326;2410;6,19;6,23;6,18;323,8;328,5;322,3;101,3;101,5;102,1;0;0;6,3;5,2;5,3;3,9;51;52;53;49,2;51,8;50
Valkenburg aan de Geul;247;56;-203;7,82;3,63;6,08;505,1;489,5;498,4;130,1;131;134,6;3,4;1,3;7,3;3,7;3,7;4,2;49;48;48;28,4;27,9;27,8
Valkenswaard;1513;1742;1684;2,65;0,99;3,28;553,6;561;560,2;122,6;123,7;126,3;5,2;4;2,5;2,9;2,8;2,8;43;42;41;26,5;27,7;27,3
Veendam;195;228;429;1,44;1,82;1,09;607,8;568,3;570,7;84,8;85,7;86,6;4,9;3,6;4,2;5,1;5,1;5;43;40;40;50,5;52,5;56
Veenendaal;2250;2181;2085;2,68;3,13;7,31;573,1;596;616,1;104,1;107,1;108;5,2;2,8;3,8;0,6;0,6;0,6;39;39;40;38,3;38,4;37,4
Veere;1306;1182;1290;0,91;0,91;1,83;548,1;548,8;550,5;158,1;161,1;165,1;0,9;0,9;0;15,6;15,2;14,5;45;46;48;13,1;14,2;15,8
Veldhoven;3579;3543;3409;1,58;2,93;2,01;934;916,1;929,2;103,2;105;106,8;4;3;1,7;1,7;1,4;1,4;45;44;43;18,6;20,2;21
Velsen;2275;2267;2249;2,23;4,3;4,44;661,1;662,2;665,6;82,4;85,5;87,5;4,7;3,9;1,9;1;0,9;0,7;34;34;34;29,4;30,7;32,7
Venlo;2483;2634;2880;18,4;21,62;21,67;761,8;764,5;775;102,5;104,6;105;4,7;3,8;5,5;3,1;2,8;2,7;43;43;43;46,9;50,7;51,8
Venray;1194;1104;1293;5,09;4,39;2,75;809,9;817,2;805,3;108,5;109,5;109,9;6,6;4,9;2,4;14;13,8;13,7;45;45;45;32,2;34;33,9
Vijfheerenlanden;1494;1497;1278;1,3;1,3;1,47;630,7;645,3;659,1;103;114;117,7;4,2;2,1;1,9;8;7,9;7,8;39;38;38;21,6;23,4;23,9
Vlaardingen;3546;3428;3360;2,65;4,73;4,58;396,8;391,1;390,2;69,1;71,8;74;4,3;5,6;5,1;1,1;0,8;0,8;45;45;45;50,3;55,2;55,5
Vlieland;3066;2961;3431;;;9,22;869,6;884,7;865,1;205,9;209,5;219,1;;;0;0;0;0;50;52;49;10,7;10,9;10,9
Vlissingen;5225;5092;5067;13,94;32,85;29,51;521,1;513,4;523,4;84,9;86,9;91,6;1,7;1,7;2,9;1,4;1,4;1,6;44;45;45;60,5;64,1;63,4
Voerendaal;515;623;879;1,61;;;291,6;289,7;293,4;111,3;116,7;116,3;2,2;2,1;4,1;7,6;6,4;6,4;45;43;45;16,6;16,5;16,5
Voorschoten;1022;1006;1194;3,18;0,4;3,56;313,2;331,5;345;82,4;100,9;107,1;1,7;0,5;0;1,3;1,1;1;51;50;50;21,9;22,3;21,7
Voorst;1738;1923;1664;0,42;0,83;2,48;757,5;749,2;747,2;116,4;119,1;122;2,8;0,9;1,4;13,9;13,6;13,2;44;44;44;18,8;19,8;21,6
Vught;1501;1496;1374;1,31;4,91;6,15;615,2;620,6;629,3;111,1;114,9;117,4;3,8;1,6;2,1;4,4;4,2;4,1;50;50;50;17,3;18,7;19,4
Waadhoeke;779;554;864;1,08;1,3;0,22;452,9;457,9;468,3;111,7;115;116,4;2;1,3;0;15,2;15;15,4;41;41;41;35,1;34,9;37,9
Waalre;-386;-363;443;2,37;4,7;2,37;492,1;374,7;386,3;130,4;130,4;131,8;2;3,1;3,8;1,9;1,9;1,9;53;43;43;18,8;19,4;20,2
Waalwijk;3237;3199;3301;1,07;4,04;9,28;746,9;754,1;790;120,4;123,1;123,2;7,5;4,4;3,5;2,3;2,5;2,3;43;42;43;26,3;27,1;27,6
Waddinxveen;3127;2713;2470;3,51;3,84;;627,7;652,7;646,3;91,2;101,8;106,8;5,5;4,9;2,2;5,7;5,1;4,7;36;36;35;20,8;21,3;22,4
Wageningen;1095;1197;1132;3,18;4,23;2,08;645,5;654,4;655,8;87,9;90,4;89,1;1,6;4,3;4,3;1,5;1,8;1,8;47;48;48;25,4;27,6;28,9
Wassenaar;-1574;-1523;-1540;1,17;1,16;0,77;556,5;549;540,1;122,9;123,2;124,2;0,8;2;1,2;1,3;0,9;1,3;49;48;47;23,3;25,7;26,5
Waterland;-139;-141;56;1,75;4,05;;350,4;347,4;347,4;127,7;130,3;133,2;1,8;0,6;0,6;7,3;7,1;7;43;44;43;13,1;13;15,1
Weert;2221;2292;1889;4,29;4,07;4,64;674,7;673,2;661,5;110,7;113,5;114,3;6,4;4,7;2;5,1;5;4,7;44;44;45;32,3;34,1;32,5
Weesp;2597;2210;1870;0,55;1,08;3,2;612;604;600,7;116,7;118,5;124,7;7,3;4,5;4,4;1,9;1,8;1,7;40;40;41;33,9;36,9;37,2
West Betuwe;1905;1871;1750;0,61;1,61;1,6;678,5;682,2;678,4;134;136,9;134,8;1,5;3,1;2,7;11,5;11,2;10,9;35;36;36;16;18;17,3
West Maas en Waal;934;665;516;0,54;;;420,2;422,7;438,6;132,1;133,5;136,3;5,2;3,5;1;11,2;10,9;10,6;46;46;46;19,5;21,9;20,3
Westerkwartier;2904;2739;2683;0,48;;1,91;483,2;474,8;484,4;113,4;113,8;114,1;3,2;2,1;1,7;15,1;14,8;14,7;39;40;40;25,6;25,8;27,3
Westerveld;33;132;106;2,1;5,81;2,1;650,5;649,1;641,8;143,8;141,1;142,7;5,5;3,2;0,5;15,8;16,2;15,8;38;40;40;23,8;23,3;20,4
Westervoort;1091;1206;1450;0,67;3,33;2;240,3;241,6;246,5;79;81,7;85,8;3,6;4,5;6,6;1,1;1;1;49;49;49;43,8;42,9;41,9
Westerwolde;158;178;510;3,55;2,36;2,82;466,3;468;477,6;107,7;107;109,7;4,2;1,5;2,5;20,4;19,9;19,4;43;43;43;30,8;31,7;35,6
Westland;3292;3005;3242;0,38;1,71;4,64;760,2;774,6;768,5;131,7;133,3;132,1;4,6;2,9;2,2;16,5;15,6;14,8;38;38;38;18,3;19,7;20,1
Weststellingwerf;2516;2208;2168;1,96;1,57;0,39;466,5;478,8;478,6;134,9;137,9;138,1;3,5;3,9;2,1;18;17,7;17,2;45;45;44;27,9;31,7;32
Westvoorne;3505;3294;3823;4,26;;0,7;382,5;386,9;376,6;102,3;105,4;105,6;2,3;2,9;3,6;9,3;8,9;8;52;51;51;12,9;13,6;14,4
Wierden;1361;1093;912;0,84;;0,83;436,5;443,6;460,6;112;115,6;118,8;4,6;4,9;2,8;14,7;13,7;13,7;42;42;43;15,1;16,1;17
Wijchen;66;-182;71;0,73;0,74;0,73;519,6;535,4;536,9;102,8;106,4;107,7;5,2;4,5;2;4,4;4,3;3,9;40;40;40;28;27,9;29
Wijdemeren;892;911;895;0,43;1,29;0,85;459,2;461,6;463,7;136,4;138,1;142,7;4,6;1;1,9;2,1;2,5;2,4;44;44;44;14,6;16,6;16,4
Wijk bij Duurstede;1342;1345;1320;1,29;1,71;0,43;385,1;396,8;384;122,6;123,2;124,7;3,3;1,4;1,8;6,4;6,3;6,2;45;45;44;18,6;19,5;20
Winterswijk;2537;2488;2380;1,38;4,84;1,73;609,1;606,5;611;108,1;108,3;111,5;9;2,5;7,3;12,9;12,8;12,4;48;49;49;34,6;35,3;34,3
Woensdrecht;230;181;197;0,92;1,38;4,58;557,8;558,2;565,1;91,4;95,1;97,8;1,9;1,2;1,2;7,2;6,3;6,7;36;36;36;18,7;19,8;21,3
Woerden;1961;1984;1838;0,2;0,2;2,14;734,8;727,7;739,5;127;129,9;131,8;3,5;2,6;1,8;5,9;5,7;5,5;44;45;45;18,2;18,3;20,9
Wormerland;361;336;296;;;3,79;397,4;393,1;403,7;108,4;108,2;108,9;3,1;5,3;2,9;7,8;7;6,9;36;36;36;20,6;19,8;21,8
Woudenberg;2011;1824;1419;;0,8;0,79;529,6;548;561,2;122;126,7;125,2;1,8;2,6;0;9,2;9,6;8,8;43;43;42;13,9;18;17,8
Zaanstad;3033;3242;3348;1,59;2,16;3,12;539,1;548;549,5;120,9;127,2;129;5,3;3,2;1,7;0,7;0,7;0,7;43;43;42;41,7;42,7;43,7
Zaltbommel;2281;2209;1684;1,46;1,82;1,44;689;675;676;134,2;135,4;133,9;25;8,9;3;10;9,9;9,5;41;42;42;20,8;20,6;22,2
Zandvoort;2330;2047;1984;57,51;45,26;54,44;398,2;400,7;405,1;112,5;115,8;117;2,3;3,9;0,5;0;0;0;50;50;50;34,3;34,8;38,1
Zeewolde;-635;-708;-1153;0,46;0,45;0,45;664,6;647,1;660,6;149,2;148,8;147,4;4,3;3,4;3,3;11,8;11,6;11,5;38;38;37;21,5;21,6;22,8
Zeist;-450;-455;-359;2,92;5,78;9,39;793;787,4;778,6;135,8;138,3;139;3,1;1,5;2,7;0,3;0,5;0,3;50;50;49;36,1;37,9;39,3
Zevenaar;2539;2507;2526;1,16;1,62;2,31;556,6;566,7;512,3;94,3;99,6;99,4;4,7;3,9;1,9;4,9;4,6;4,9;43;42;44;31,8;32,9;33,6
Zoetermeer;169;196;491;0,97;0,56;1,52;549;553,1;551,3;85,9;89,5;90,8;6,8;3,3;1,8;0,7;0,7;0,6;43;44;44;40,8;44,4;44,6
Zoeterwoude;-126;734;1500;1,23;2,46;;1106,3;1164,1;1154,7;111,7;124,4;126,6;6,2;4,9;0;8,6;6,4;7,4;34;35;35;12,2;13,7;13,4
Zuidplas;2522;2586;2483;1,72;1,22;0,72;490,4;540,4;538,1;98,2;113;115,7;4,9;1;1,7;7,3;6,3;6,1;38;37;36;20,5;22,5;23,5
Zundert;680;527;655;1,4;2,79;5,54;494,1;495,3;486,5;115,2;116,6;119,1;2;4,7;3,2;24,2;23,2;22;50;49;48;13,7;15,8;16,1
Zutphen;2218;2469;2697;10,03;15,11;19,86;627,5;615,3;582,4;109,9;111,4;112;3,6;3,8;3,2;1,3;1,3;1,2;50;52;53;50,6;53,4;53,3
Zwartewaterland;3082;2899;2811;0,45;0,45;0,45;667,4;673,7;709,1;112,5;114,6;117,1;15,3;3,7;1,6;10;9,7;9,5;32;32;32;14,8;17,1;17,5
Zwijndrecht;2627;2679;2966;2,47;2,92;5,63;600,1;601,2;618,4;81,8;85;89,2;5,4;3,7;3,7;1,1;1,1;1;42;41;41;36,4;39;41
Zwolle;2711;2676;2518;23,82;26,5;25,57;1003,5;1008,1;1044,3;113,3;115,5;119,4;5,7;4;4,7;1,4;1,4;1,3;51;51;51;43,3;45,8;47,5
