;Gemeente;Jaar;Gemeenteschuld;Overlast zwervers;Banen;Vestigingen;Faillisementen;%Landbouw van vestigingen;%Vrouw van banen;Aantal bijstandsuitkeringen
0;Aa en Hunze;2015;248;1,19;415,6;122,9;1,4;13,7;48;22,0
1;Aalsmeer;2015;565;;647,4;114,7;3,1;5,0;36;12,1
2;Aalten;2015;235;0,37;501,1;98,6;6,1;15,2;44;19,3
3;Achtkarspelen;2015;1480;9,65;425,0;111,7;5,0;11,3;37;40,7
4;Alblasserdam;2015;1989;1,51;609,0;93,4;5,9;0,8;36;24,5
5;Albrandswaard;2015;1395;0,4;539,7;85,0;1,6;1,9;43;22,1
6;Alkmaar;2015;3302;36,97;673,4;110,6;4,0;2,5;47;35,0
7;Almelo;2015;3564;17,01;765,6;96,6;5,1;2,3;45;66,5
8;Almere;2015;3134;5,13;520,8;111,3;7,3;0,5;47;50,5
9;Alphen aan den Rijn;2015;901;2,7;533,4;92,4;4,4;10,3;44;24,0
10;Alphen-Chaam;2015;1106;4,1;425,9;143,3;3,6;20,8;43;12,7
11;Altena;2015;980;0,37;478,6;121,3;4,2;7,0;39;14,2
12;Ameland;2015;4402;8,36;783,4;202,4;0,0;11,1;45;3,6
13;Amersfoort;2015;2085;13,05;727,1;126,8;5,0;0,6;47;37,4
14;Amstelveen;2015;-318;1,03;735,0;146,6;2,3;0,9;47;18,7
15;Amsterdam;2015;3576;2,52;925,5;201,7;3,0;0,1;44;80,6
16;Apeldoorn;2015;3455;13,85;814,3;103,0;5,1;2,2;45;35,1
17;Arnhem;2015;3933;16,02;859,2;116,7;5,7;0,4;50;77,0
18;Assen;2015;2995;16,97;793,1;90,0;7,5;1,6;50;50,3
19;Asten;2015;-659;6,04;605,7;138,5;1,8;14,9;42;17,4
20;Baarle-Nassau;2015;-626;1,52;633,6;158,4;3,6;22,8;44;20,0
21;Baarn;2015;950;2,05;637,7;155,9;3,3;1,1;49;22,5
22;Barendrecht;2015;1542;0,42;715,9;100,7;4,8;0,9;42;16,4
23;Barneveld;2015;3899;0,55;799,1;141,7;1,7;11,2;37;16,9
24;Beek;2015;-792;;776,2;117,6;2,2;2,7;32;26,8
25;Beekdaelen;2015;-820;0,83;385,3;106,4;3,1;5,4;40;22,2
26;Beemster;2015;950;;522,1;147,3;;20,2;36;14,1
27;Beesel;2015;-959;4,44;339,1;86,0;3,6;6,8;41;29,4
28;Berg en Dal;2015;441;3,21;513,9;99,1;7,7;5,5;58;31,8
29;Bergeijk;2015;1766;1,1;570,7;141,4;3,6;11,8;38;12,4
30;Bergen (L.);2015;238;0,76;430,4;112,8;5,2;16,7;39;22,4
31;Bergen (NH.);2015;2161;2,33;455,0;138,7;3,2;4,5;51;13,7
32;Bergen op Zoom;2015;3379;18,7;567,5;95,8;7,1;2,5;49;44,7
33;Berkelland;2015;-121;0,9;502,9;113,6;4,3;19,9;42;18,6
34;Bernheze;2015;1207;2,35;460,4;107,5;3,5;14,3;45;13,0
35;Best;2015;-319;3,13;772,1;113,7;3,4;2,8;38;23,5
36;Beuningen;2015;2805;0,4;403,2;100,9;3,1;4,6;45;24,8
37;Beverwijk;2015;1615;10,7;580,8;97,9;3,5;0,7;44;35,3
38;Bladel;2015;1381;1,51;872,9;129,2;4,1;9,3;43;12,0
39;Blaricum;2015;2194;;489,4;121,3;2,6;1,2;63;17,4
40;Bloemendaal;2015;1274;4,94;386,6;125,0;0,8;0,5;54;13,9
41;Bodegraven-Reeuwijk;2015;4265;3,61;593,1;114,4;3,4;8,2;39;13,2
42;Boekel;2015;2261;;459,3;111,9;3,0;23,5;48;16,6
43;Borger-Odoorn;2015;1257;;361,3;115,6;5,4;14,7;43;30,0
44;Borne;2015;3940;1,36;398,8;106,6;5,1;2,9;48;22,6
45;Borsele;2015;279;;588,3;141,2;2,0;18,7;29;16,6
46;Boxmeer;2015;3143;5,29;715,9;93,4;;14,9;47;18,1
47;Boxtel;2015;1213;1,54;614,2;94,6;5,3;6,9;40;22,0
48;Breda;2015;1444;22,55;736,8;120,3;4,7;1,2;48;40,4
49;Brielle;2015;-864;2,43;520,4;92,4;2,3;7,7;37;20,1
50;Bronckhorst;2015;-76;1,09;493,4;131,2;5,2;18,7;41;14,6
51;Brummen;2015;2300;1,43;484,7;102,1;1,3;7,5;38;22,4
52;Brunssum;2015;-202;3,14;348,3;73,4;2,3;0,6;53;48,3
53;Bunnik;2015;323;5,46;805,1;146,9;3,3;5,8;41;12,2
54;Bunschoten;2015;2167;0,48;681,0;113,5;4,8;4,0;36;12,8
55;Buren;2015;691;0,38;407,0;138,3;4,4;13,7;38;12,6
56;Capelle aan den IJssel;2015;688;1,35;733,8;84,5;4,4;0,2;45;52,4
57;Castricum;2015;1275;3,2;391,5;107,0;0,7;3,3;47;13,0
58;Coevorden;2015;2589;3,94;531,0;115,2;5,7;15,1;46;39,4
59;Cranendonck;2015;916;0,49;522,6;124,6;1,1;8,7;39;19,2
60;Cuijk;2015;2603;1,22;548,5;78,9;;9,5;38;27,0
61;Culemborg;2015;1991;1,81;606,9;114,6;3,4;1,7;45;38,9
62;Dalfsen;2015;167;0,36;557,9;127,3;3,4;20,1;39;13,0
63;Dantumadiel;2015;1333;3,15;338,5;96,5;0,0;11,0;47;41,4
64;De Bilt;2015;1906;0,71;596,5;144,5;3,1;2,8;49;21,6
65;De Fryske Marren;2015;1006;2,15;538,1;139,8;1,0;13,4;44;27,2
66;De Ronde Venen;2015;1797;1,64;506,5;143,0;2,7;6,1;39;15,8
67;De Wolden;2015;58;0,85;442,7;145,3;3,0;20,9;44;14,3
68;Delft;2015;2046;5,05;654,5;87,4;2,9;0,8;45;46,1
69;Den Haag;2015;930;5,71;692,5;121,0;2,7;3,3;45;82,8
70;Den Helder;2015;367;6,37;604,2;66,8;4,7;3,5;40;44,1
71;Deurne;2015;2319;3,46;565,9;127,7;7,8;13,6;48;19,6
72;Deventer;2015;2807;9,13;659,9;106,2;5,4;3,8;46;45,7
73;Diemen;2015;2875;4,13;888,7;134,3;4,5;0,0;39;32,9
74;Dinkelland;2015;1033;1,93;587,6;133,6;1,6;24,0;41;13,8
75;Doesburg;2015;-1383;3,52;427,1;95,3;3,9;1,2;44;47,0
76;Doetinchem;2015;3184;9,91;758,0;108,5;6,6;4,1;49;34,1
77;Dongen;2015;1823;1,97;465,1;107,7;4,0;5,8;42;19,2
78;Dordrecht;2015;2019;34,65;601,6;81,5;3,9;0,8;45;54,4
79;Drechterland;2015;-152;1,04;402,6;116,0;4,0;17,6;41;11,2
80;Drimmelen;2015;-80;0,75;419,8;110,2;4,1;10,1;48;10,6
81;Dronten;2015;-752;1,98;504,0;124,1;6,0;14,4;44;27,5
82;Druten;2015;1819;1,64;513,7;102,3;1,3;7,0;43;23,7
83;Duiven;2015;1495;1,17;747,8;98,8;7,0;3,1;41;27,6
84;Echt-Susteren;2015;1133;3,13;517,6;116,1;9,2;7,6;44;22,8
85;Edam-Volendam;2015;148;0,85;559,1;130,1;1,6;3,7;37;12,6
86;Ede;2015;1747;6,09;680,8;118,0;4,7;8,3;45;26,4
87;Eemnes;2015;-575;1,14;457,2;158,4;6,4;5,7;35;16,1
88;Eemsdelta;2015;2007;3,99;525,3;85,6;2,8;13,4;41;51,8
89;Eersel;2015;153;7,09;676,3;136,3;1,6;12,2;43;10,8
90;Eijsden-Margraten;2015;1698;2,0;388,6;117,3;2,1;8,0;40;13,2
91;Eindhoven;2015;1991;20,21;891,1;114,8;5,5;0,2;44;48,3
92;Elburg;2015;725;0,88;546,4;98,3;6,0;7,3;37;14,9
93;Emmen;2015;3643;14,85;578,2;96,2;7,4;6,6;46;53,6
94;Enkhuizen;2015;1263;14,17;562,5;114,2;5,6;2,5;42;28,5
95;Enschede;2015;2788;18,35;684,0;96,9;5,6;1,6;49;72,4
96;Epe;2015;16;5,9;511,3;108,6;2,3;7,7;41;23,1
97;Ermelo;2015;-1123;9,16;720,5;112,0;5,3;5,0;51;19,1
98;Etten-Leur;2015;1075;1,65;642,8;98,4;3,9;5,1;44;27,1
99;Geertruidenberg;2015;882;2,32;674,1;104,5;6,0;2,9;37;23,8
100;Geldrop-Mierlo;2015;1264;4,63;467,0;105,9;2,8;1,9;47;28,7
101;Gemert-Bakel;2015;3261;1,69;493,5;124,7;3,0;15,0;44;20,0
102;Gennep;2015;564;;650,7;121,9;4,9;6,9;50;23,7
103;Gilze en Rijen;2015;1110;2,69;635,7;103,3;5,0;6,4;38;25,7
104;Goeree-Overflakkee;2015;1433;0,83;524,7;101,0;6,4;10,8;47;13,9
105;Goes;2015;3390;7,81;949,9;136,7;3,5;3,9;52;29,9
106;Goirle;2015;700;0,43;424,5;107,1;3,9;2,7;52;22,0
107;Gooise Meren;2015;1393;1,42;522,2;142,0;2,0;0,5;47;23,9
108;Gorinchem;2015;4315;6,51;851,8;95,9;6,1;0,8;47;35,1
109;Gouda;2015;4380;13,22;641,4;81,2;5,9;0,5;52;43,1
110;Grave;2015;244;0,78;386,2;84,3;;8,4;50;18,5
111;Groningen;2015;3907;16,16;773,7;99,9;4,2;1,1;49;68,0
112;Gulpen-Wittem;2015;954;4,83;375,8;123,5;3,3;10,1;48;16,2
113;Haaksbergen;2015;2468;;534,7;117,9;3,1;14,1;41;24,4
114;Haarlem;2015;3323;29,75;544,2;112,7;3,0;0,1;49;35,2
115;Haarlemmermeer;2015;2769;4,68;1213,7;100,5;5,8;2,8;39;19,8
116;Halderberge;2015;1415;3,73;490,2;107,2;4,6;9,1;45;22,9
117;Hardenberg;2015;2687;3,86;580,2;111,4;12,1;17,0;44;24,1
118;Harderwijk;2015;1026;10,7;701,6;105,9;4,9;1,4;49;30,3
119;Hardinxveld-Giessendam;2015;2230;0,56;602,4;94,5;1,3;3,3;35;12,6
120;Harlingen;2015;1065;1,27;544,7;115,9;3,0;4,4;44;51,8
121;Hattem;2015;1359;1,69;454,1;103,9;2,3;4,5;43;17,4
122;Heemskerk;2015;865;4,09;308,3;68,5;1,2;3,5;49;32,6
123;Heemstede;2015;1017;6,8;447,3;124,5;1,1;0,4;54;13,9
124;Heerde;2015;2227;1,08;478,3;94,2;5,4;7,0;45;13,6
125;Heerenveen;2015;2695;2,19;811,6;125,6;4,0;7,1;44;43,4
126;Heerhugowaard;2015;1962;2,8;530,3;95,0;;3,9;44;23,6
127;Heerlen;2015;2371;11,66;806,0;86,4;4,6;0,3;49;75,9
128;Heeze-Leende;2015;874;0,65;543,9;142,2;4,4;10,3;49;11,2
129;Heiloo;2015;2276;0,44;409,2;111,8;2,7;2,7;49;16,6
130;Hellendoorn;2015;3696;1,12;515,6;102,1;8,1;13,0;45;20,3
131;Hellevoetsluis;2015;1989;0,75;338,7;69,5;1,8;3,2;54;33,5
132;Helmond;2015;1203;14,94;618,0;99,7;4,9;1,0;44;50,2
133;Hendrik-Ido-Ambacht;2015;4422;;381,1;80,6;3,4;0,6;42;16,3
134;Hengelo;2015;2752;4,56;801,0;111,0;6,8;1,5;43;48,2
135;Het Hogeland;2015;1519;1,03;425,5;105,4;2,2;18,2;41;33,3
136;Heumen;2015;-135;0,61;408,4;115,4;6,9;5,0;48;20,9
137;Heusden;2015;3320;0,7;419,6;97,3;8,1;6,0;37;22,2
138;Hillegom;2015;-964;5,21;436,2;88,0;2,3;5,8;44;18,3
139;Hilvarenbeek;2015;524;1,33;531,1;138,7;3,1;15,8;41;12,5
140;Hilversum;2015;2136;17,67;713,4;123,2;3,6;0,3;47;35,9
141;Hoeksche Waard;2015;541;0,83;476,9;98,9;3,0;6,5;42;12,0
142;Hof van Twente;2015;634;1,72;601,4;140,4;2,9;18,1;43;18,7
143;Hollands Kroon;2015;470;1,05;448,3;126,6;2,4;20,9;37;17,1
144;Hoogeveen;2015;1846;0,55;701,0;101,0;5,2;6,4;45;38,6
145;Hoorn;2015;1608;12,38;585,9;102,7;4,6;0,7;49;36,8
146;Horst aan de Maas;2015;1220;3,36;587,4;117,0;4,5;18,5;46;15,7
147;Houten;2015;1984;0,62;639,3;124,5;2,8;3,6;43;16,7
148;Huizen;2015;-1661;2,9;424,2;98,1;2,0;0,3;50;30,1
149;Hulst;2015;1390;0,37;462,6;112,7;2,6;16,7;49;18,7
150;IJsselstein;2015;190;0,88;544,0;105,2;4,0;1,9;44;23,8
151;Kaag en Braassem;2015;1240;0,77;439,9;106,8;2,8;15,3;38;12,7
152;Kampen;2015;2649;5,25;548,3;111,1;6,9;9,6;43;24,0
153;Kapelle;2015;2022;2,39;533,2;130,0;2,9;12,6;37;11,4
154;Katwijk;2015;1738;4,24;451,8;72,8;4,0;4,1;44;20,9
155;Kerkrade;2015;1541;6,02;425,5;77,6;3,3;0,4;47;60,9
156;Koggenland;2015;268;1,34;462,2;122,4;0,9;16,0;36;10,9
157;Krimpen aan den IJssel;2015;744;4,49;462,2;83,7;8,5;0,0;39;24,7
158;Krimpenerwaard;2015;907;0,74;460,0;102,8;;8,4;38;18,8
159;Laarbeek;2015;1240;0,91;458,4;125,8;2,6;8,2;40;15,5
160;Landerd;2015;458;1,31;495,8;105,9;;18,0;44;10,8
161;Landgraaf;2015;-298;0,53;336,9;76,0;3,7;0,9;48;42,2
162;Landsmeer;2015;784;0,92;420,5;174,6;1,7;2,1;46;15,0
163;Langedijk;2015;2711;0,37;409,3;105,6;;3,2;43;16,0
164;Lansingerland;2015;4897;;573,3;102,2;2,9;7,7;38;15,9
165;Laren;2015;987;0,92;608,5;167,5;5,8;0,0;57;12,5
166;Leeuwarden;2015;3458;28,18;751,6;107,1;3,7;3,6;51;69,4
167;Leiden;2015;1323;23,94;689,0;79,6;3,7;0,1;51;42,9
168;Leiderdorp;2015;1243;1,86;599,4;80,9;4,9;1,2;63;22,5
169;Leidschendam-Voorburg;2015;1206;1,89;410,0;99,7;1,1;1,8;52;39,0
170;Lelystad;2015;2261;5,37;615,6;114,0;4,3;2,3;49;52,6
171;Leudal;2015;793;0,55;498,8;117,5;3,8;16,0;45;15,6
172;Leusden;2015;-869;4,47;697,0;130,5;4,9;3,5;44;15,3
173;Lingewaard;2015;907;0,22;432,9;97,0;5,2;6,9;48;15,6
174;Lisse;2015;2484;4,88;504,4;90,9;3,6;5,2;45;15,6
175;Lochem;2015;603;0,9;557,0;136,3;4,0;13,3;45;20,1
176;Loon op Zand;2015;1124;10,45;514,3;110,5;5,0;4,7;50;18,3
177;Lopik;2015;-241;1,42;484,5;134,1;2,1;16,2;32;14,0
178;Losser;2015;1170;0,45;446,1;102,4;3,1;14,5;48;27,3
179;Maasdriel;2015;1292;;550,0;146,2;2,4;10,4;39;13,6
180;Maasgouw;2015;-367;0,84;464,7;118,6;4,1;2,8;46;19,6
181;Maassluis;2015;1681;0,62;304,3;72,4;4,2;2,3;47;44,3
182;Maastricht;2015;1755;11,93;719,1;101,4;4,6;0,5;49;46,0
183;Medemblik;2015;151;1,61;568,2;124,7;4,5;13,6;39;17,0
184;Meerssen;2015;-587;3,67;352,9;110,5;3,5;3,1;45;17,8
185;Meierijstad;2015;2452;2,02;723,2;107,9;3,8;10,4;39;17,7
186;Meppel;2015;3819;3,96;774,9;109,9;2,0;3,7;49;32,8
187;Middelburg;2015;4498;2,1;675,0;113,6;7,5;3,0;50;43,6
188;Midden-Delfland;2015;2174;1,6;511,4;108,0;0,6;13,9;37;9,6
189;Midden-Drenthe;2015;1;0,9;542,0;118,7;0,7;19,9;43;24,8
190;Midden-Groningen;2015;1766;1,8;455,1;89,6;4,1;10,4;39;46,6
191;Mill en Sint Hubert;2015;1116;;453,0;103,2;;16,5;40;12,6
192;Moerdijk;2015;-292;0,54;756,4;120,0;3,9;6,6;32;19,4
193;Molenlanden;2015;-185;0,69;513,1;102,0;3,6;12,9;32;10,1
194;Montferland;2015;2460;1,71;535,0;99,6;7,6;8,6;45;24,6
195;Montfoort;2015;994;0,73;532,7;131,7;4,5;8,2;33;11,5
196;Mook en Middelaar;2015;-1071;;350,3;128,2;7,8;2,7;40;19,1
197;Neder-Betuwe;2015;1143;0,44;598,9;121,8;5,9;14,9;37;19,0
198;Nederweert;2015;-535;0,6;487,6;146,4;4,0;18,6;43;13,2
199;Nieuwegein;2015;2756;1,47;868,3;108,1;7,8;0,4;41;31,7
200;Nieuwkoop;2015;385;2,21;474,1;105,9;2,3;14,1;42;13,0
201;Nijkerk;2015;760;2,69;668,8;121,5;3,0;4,9;36;14,4
202;Nijmegen;2015;4046;13,36;717,6;99,9;4,3;0,3;51;63,3
203;Nissewaard;2015;3832;8,46;335,5;58,4;8,1;2,4;51;40,3
204;Noardeast-Fryslân;2015;1742;1,32;472,2;114,3;1,4;18,0;43;38,0
205;Noord-Beveland;2015;1067;2,69;491,4;164,4;3,6;17,2;44;19,6
206;Noordenveld;2015;1773;0,64;468,2;116,2;4,9;9,4;43;27,9
207;Noordoostpolder;2015;-35;3,01;704,8;140,0;3,7;23,6;44;30,6
208;Noordwijk;2015;1132;3,6;650,0;111,0;3,4;7,6;46;16,0
209;Nuenen c.a.;2015;3476;1,33;431,0;130,8;1,8;2,7;40;24,6
210;Nunspeet;2015;505;5,98;666,1;113,5;4,3;7,2;43;17,0
211;Oegstgeest;2015;3652;6,96;426,0;87,7;0,6;1,4;54;18,5
212;Oirschot;2015;1158;1,66;790,2;139,7;2,7;14,6;32;11,8
213;Oisterwijk;2015;1877;1,28;551,5;137,8;4,2;6,9;48;17,3
214;Oldambt;2015;1909;4,16;513,8;93,5;8,9;8,8;48;54,5
215;Oldebroek;2015;-782;0,87;490,3;108,3;2,2;10,3;36;16,3
216;Oldenzaal;2015;1257;0,93;773,5;110,3;6,9;1,1;39;30,8
217;Olst-Wijhe;2015;1925;;462,7;116,2;2,2;20,0;42;14,9
218;Ommen;2015;1740;2,88;639,5;135,4;1,3;21,3;46;19,8
219;Oost Gelre;2015;935;;705,3;106,3;5,3;14,5;40;16,8
220;Oosterhout;2015;1506;2,79;662,8;108,8;5,4;2,7;42;32,2
221;Ooststellingwerf;2015;925;1,56;458,4;117,6;2,0;18,2;45;34,1
222;Oostzaan;2015;3059;;450,0;129,8;1,3;1,1;39;15,0
223;Opmeer;2015;19;;544,0;125,1;2,7;13,2;38;14,7
224;Opsterland;2015;1114;0,33;481,4;125,9;4,8;15,1;48;32,6
225;Oss;2015;1368;2,12;581,7;93,4;3,0;6,4;40;27,4
226;Oude IJsselstreek;2015;2979;2,02;555,4;101,7;4,5;11,6;43;27,2
227;Ouder-Amstel;2015;-735;;1440,6;216,7;3,4;1,9;40;21,1
228;Oudewater;2015;376;1,01;543,7;144,8;1,7;13,2;36;12,9
229;Overbetuwe;2015;1409;;540,8;117,0;5,6;6,6;40;19,2
230;Papendrecht;2015;2094;1,24;581,1;75,7;6,0;0,6;34;25,2
231;Peel en Maas;2015;1596;0,46;526,3;111,8;3,5;17,7;43;15,4
232;Pekela;2015;889;;292,8;72,9;3,1;9,9;39;56,6
233;Pijnacker-Nootdorp;2015;2987;0,2;428,2;105,7;3,0;7,9;40;15,3
234;Purmerend;2015;3404;3,89;429,4;85,9;1,7;0,2;52;32,6
235;Putten;2015;-1601;6,56;516,4;127,0;3,2;11,0;42;15,3
236;Raalte;2015;1698;2,19;596,5;113,9;1,4;19,3;49;15,5
237;Reimerswaal;2015;1265;3,17;607,9;125,7;0,5;17,3;35;15,9
238;Renkum;2015;329;2,87;476,3;121,4;1,9;1,1;52;31,4
239;Renswoude;2015;-854;;823,1;161,3;1,6;15,5;38;8,3
240;Reusel-De Mierden;2015;2471;3,13;425,1;131,5;4,0;17,1;40;8,8
241;Rheden;2015;1300;3,21;487,4;105,2;6,8;1,8;49;34,8
242;Rhenen;2015;1350;1,55;429,9;120,0;2,9;6,0;46;23,5
243;Ridderkerk;2015;1069;0,89;604,8;88,2;3,4;2,7;41;25,1
244;Rijssen-Holten;2015;1232;0,79;713,1;106,2;2,4;8,1;37;17,7
245;Rijswijk;2015;5420;2,28;949,0;110,4;16,5;0,8;42;43,0
246;Roerdalen;2015;465;;325,4;97,2;2,2;11,0;42;19,7
247;Roermond;2015;1587;10,0;805,2;110,1;6,2;1,7;48;51,5
248;Roosendaal;2015;1232;8,59;648,7;102,5;5,9;4,0;48;37,0
249;Rotterdam;2015;2335;11,9;728,7;91,0;5,2;0,6;44;101,0
250;Rozendaal;2015;-5204;;425,5;135,4;0,0;0,0;56;0,0
251;Rucphen;2015;692;0,45;357,5;116,3;0,5;8,8;41;20,4
252;Schagen;2015;1237;1,08;594,1;124,4;2,5;12,2;43;18,6
253;Scherpenzeel;2015;-592;2,1;692,4;111,0;4,7;7,9;31;9,8
254;Schiedam;2015;5031;5,2;604,3;78,7;5,7;1,1;43;54,8
255;Schiermonnikoog;2015;5173;;812,8;188,7;0,0;7,7;47;13,1
256;Schouwen-Duiveland;2015;1321;0,59;607,7;165,3;4,4;12,3;44;18,5
257;'s-Hertogenbosch;2015;1348;12,79;839,7;111,2;5,0;1,6;45;42,1
258;Simpelveld;2015;351;;268,2;87,0;1,6;6,9;52;23,2
259;Sint Anthonis;2015;-1;;473,4;122,1;;36,8;45;10,8
260;Sint-Michielsgestel;2015;349;0,7;387,2;114,8;3,3;7,5;46;13,9
261;Sittard-Geleen;2015;2997;10,35;705,5;102,7;5,7;1,3;43;44,6
262;Sliedrecht;2015;918;1,62;804,7;83,9;4,5;0,7;42;27,5
263;Sluis;2015;2639;3,79;632,6;161,2;1,6;19,9;48;19,7
264;Smallingerland;2015;1560;1,62;675,0;102,3;5,8;5,0;45;50,9
265;Soest;2015;376;1,32;520,6;137,2;4,6;0,9;43;26,2
266;Someren;2015;-1145;;580,6;139,1;1,5;14,5;39;17,2
267;Son en Breugel;2015;355;10,4;1168,8;148,7;15,0;3,5;36;18,8
268;Stadskanaal;2015;499;0,92;491,0;92,5;3,2;7,6;48;46,3
269;Staphorst;2015;-1264;0,61;653,9;139,1;1,3;26,7;31;12,8
270;Stede Broec;2015;1026;2,33;329,6;80,6;5,2;7,6;48;19,0
271;Steenbergen;2015;-546;;397,7;108,6;7,5;14,1;46;22,8
272;Steenwijkerland;2015;1267;3,93;501,9;132,7;2,8;13,6;45;31,9
273;Stein;2015;1340;;477,3;92,3;2,6;1,7;37;19,1
274;Stichtse Vecht;2015;1124;2,82;477,0;127,6;2,2;3,9;43;19,1
275;Súdwest-Fryslân;2015;1765;1,12;616,3;133,3;1,7;12,5;43;41,4
276;Terneuzen;2015;3204;9,16;720,1;101,8;4,8;10,3;40;29,7
277;Terschelling;2015;1988;10,36;638,4;180,1;3,0;7,4;47;7,5
278;Texel;2015;1398;6,63;753,5;179,0;1,6;16,7;41;12,8
279;Teylingen;2015;-495;3,09;561,0;90,2;3,1;5,0;43;12,3
280;Tholen;2015;1694;0,39;459,8;129,5;1,4;17,8;39;20,6
281;Tiel;2015;1650;9,86;729,1;101,3;5,7;2,2;46;52,3
282;Tilburg;2015;-239;11,79;664,4;100,1;4,2;1,1;48;51,7
283;Tubbergen;2015;329;;525,9;133,7;1,0;26,9;39;10,5
284;Twenterand;2015;893;1,18;440,5;100,4;6,2;11,2;42;22,5
285;Tynaarlo;2015;1587;2,15;488,4;118,1;6,1;7,2;50;22,6
286;Tytsjerksteradiel;2015;1048;3,13;397,7;104,2;2,6;12,3;44;28,0
287;Uden;2015;1864;3,65;770,4;104,8;;6,5;48;25,7
288;Uitgeest;2015;54;5,27;356,3;83,8;1,0;3,6;38;15,6
289;Uithoorn;2015;2521;0,7;608,5;108,4;4,8;5,2;37;19,1
290;Urk;2015;2376;;668,5;116,2;3,4;8,4;43;11,7
291;Utrecht;2015;2392;19,18;935,1;133,1;5,1;0,2;46;50,4
292;Utrechtse Heuvelrug;2015;2363;2,28;657,0;152,5;2,0;3,4;46;20,3
293;Vaals;2015;2060;6,19;323,8;101,3;0,0;5,2;51;49,2
294;Valkenburg aan de Geul;2015;247;7,82;505,1;130,1;3,4;3,7;49;28,4
295;Valkenswaard;2015;1513;2,65;553,6;122,6;5,2;2,9;43;26,5
296;Veendam;2015;195;1,44;607,8;84,8;4,9;5,1;43;50,5
297;Veenendaal;2015;2250;2,68;573,1;104,1;5,2;0,6;39;38,3
298;Veere;2015;1306;0,91;548,1;158,1;0,9;15,6;45;13,1
299;Veldhoven;2015;3579;1,58;934,0;103,2;4,0;1,7;45;18,6
300;Velsen;2015;2275;2,23;661,1;82,4;4,7;1,0;34;29,4
301;Venlo;2015;2483;18,4;761,8;102,5;4,7;3,1;43;46,9
302;Venray;2015;1194;5,09;809,9;108,5;6,6;14,0;45;32,2
303;Vijfheerenlanden;2015;1494;1,3;630,7;103,0;4,2;8,0;39;21,6
304;Vlaardingen;2015;3546;2,65;396,8;69,1;4,3;1,1;45;50,3
305;Vlieland;2015;3066;;869,6;205,9;;0,0;50;10,7
306;Vlissingen;2015;5225;13,94;521,1;84,9;1,7;1,4;44;60,5
307;Voerendaal;2015;515;1,61;291,6;111,3;2,2;7,6;45;16,6
308;Voorschoten;2015;1022;3,18;313,2;82,4;1,7;1,3;51;21,9
309;Voorst;2015;1738;0,42;757,5;116,4;2,8;13,9;44;18,8
310;Vught;2015;1501;1,31;615,2;111,1;3,8;4,4;50;17,3
311;Waadhoeke;2015;779;1,08;452,9;111,7;2,0;15,2;41;35,1
312;Waalre;2015;-386;2,37;492,1;130,4;2,0;1,9;53;18,8
313;Waalwijk;2015;3237;1,07;746,9;120,4;7,5;2,3;43;26,3
314;Waddinxveen;2015;3127;3,51;627,7;91,2;5,5;5,7;36;20,8
315;Wageningen;2015;1095;3,18;645,5;87,9;1,6;1,5;47;25,4
316;Wassenaar;2015;-1574;1,17;556,5;122,9;0,8;1,3;49;23,3
317;Waterland;2015;-139;1,75;350,4;127,7;1,8;7,3;43;13,1
318;Weert;2015;2221;4,29;674,7;110,7;6,4;5,1;44;32,3
319;Weesp;2015;2597;0,55;612,0;116,7;7,3;1,9;40;33,9
320;West Betuwe;2015;1905;0,61;678,5;134,0;1,5;11,5;35;16,0
321;West Maas en Waal;2015;934;0,54;420,2;132,1;5,2;11,2;46;19,5
322;Westerkwartier;2015;2904;0,48;483,2;113,4;3,2;15,1;39;25,6
323;Westerveld;2015;33;2,1;650,5;143,8;5,5;15,8;38;23,8
324;Westervoort;2015;1091;0,67;240,3;79,0;3,6;1,1;49;43,8
325;Westerwolde;2015;158;3,55;466,3;107,7;4,2;20,4;43;30,8
326;Westland;2015;3292;0,38;760,2;131,7;4,6;16,5;38;18,3
327;Weststellingwerf;2015;2516;1,96;466,5;134,9;3,5;18,0;45;27,9
328;Westvoorne;2015;3505;4,26;382,5;102,3;2,3;9,3;52;12,9
329;Wierden;2015;1361;0,84;436,5;112,0;4,6;14,7;42;15,1
330;Wijchen;2015;66;0,73;519,6;102,8;5,2;4,4;40;28,0
331;Wijdemeren;2015;892;0,43;459,2;136,4;4,6;2,1;44;14,6
332;Wijk bij Duurstede;2015;1342;1,29;385,1;122,6;3,3;6,4;45;18,6
333;Winterswijk;2015;2537;1,38;609,1;108,1;9,0;12,9;48;34,6
334;Woensdrecht;2015;230;0,92;557,8;91,4;1,9;7,2;36;18,7
335;Woerden;2015;1961;0,2;734,8;127,0;3,5;5,9;44;18,2
336;Wormerland;2015;361;;397,4;108,4;3,1;7,8;36;20,6
337;Woudenberg;2015;2011;;529,6;122,0;1,8;9,2;43;13,9
338;Zaanstad;2015;3033;1,59;539,1;120,9;5,3;0,7;43;41,7
339;Zaltbommel;2015;2281;1,46;689,0;134,2;25,0;10,0;41;20,8
340;Zandvoort;2015;2330;57,51;398,2;112,5;2,3;0,0;50;34,3
341;Zeewolde;2015;-635;0,46;664,6;149,2;4,3;11,8;38;21,5
342;Zeist;2015;-450;2,92;793,0;135,8;3,1;0,3;50;36,1
343;Zevenaar;2015;2539;1,16;556,6;94,3;4,7;4,9;43;31,8
344;Zoetermeer;2015;169;0,97;549,0;85,9;6,8;0,7;43;40,8
345;Zoeterwoude;2015;-126;1,23;1106,3;111,7;6,2;8,6;34;12,2
346;Zuidplas;2015;2522;1,72;490,4;98,2;4,9;7,3;38;20,5
347;Zundert;2015;680;1,4;494,1;115,2;2,0;24,2;50;13,7
348;Zutphen;2015;2218;10,03;627,5;109,9;3,6;1,3;50;50,6
349;Zwartewaterland;2015;3082;0,45;667,4;112,5;15,3;10,0;32;14,8
350;Zwijndrecht;2015;2627;2,47;600,1;81,8;5,4;1,1;42;36,4
351;Zwolle;2015;2711;23,82;1003,5;113,3;5,7;1,4;51;43,3
352;Aa en Hunze;2016;169;2,38;419,4;121,4;2,8;13,4;47;22,9
353;Aalsmeer;2016;476;1,6;644,3;117,1;4,5;4,5;36;12,8
354;Aalten;2016;257;2,23;508,7;101,9;3,0;15,2;43;20,2
355;Achtkarspelen;2016;1385;1,79;435,0;114,9;0,0;10,9;36;42,9
356;Alblasserdam;2016;1947;0,5;612,8;98,6;1,9;0,7;36;26,3
357;Albrandswaard;2016;1607;3,2;598,4;87,5;4,1;1,8;44;20,7
358;Alkmaar;2016;3259;44,98;677,0;111,9;3,6;2,5;48;37,1
359;Almelo;2016;3403;17,67;757,6;99,2;7,6;2,2;45;68,6
360;Almere;2016;3006;6,86;532,6;117,1;3,6;0,5;46;50,8
361;Alphen aan den Rijn;2016;1025;3,43;557,8;106,0;2,1;9,1;44;25,8
362;Alphen-Chaam;2016;1133;9,07;414,5;144,3;1,8;20,2;44;13,7
363;Altena;2016;1025;1,66;475,0;121,7;2,7;6,7;39;16,2
364;Ameland;2016;4803;;794,4;207,9;0,0;10,7;46;3,5
365;Amersfoort;2016;1949;9,44;716,1;130,4;3,0;0,5;47;38,8
366;Amstelveen;2016;-91;0,68;819,1;152,7;3,5;0,8;45;19,4
367;Amsterdam;2016;3827;5,05;950,6;213,7;3,0;0,1;44;79,4
368;Apeldoorn;2016;3287;11,76;794,6;105,6;3,0;2,2;45;36,4
369;Arnhem;2016;3773;20,67;845,1;120,4;4,0;0,3;50;80,1
370;Assen;2016;3048;18,94;781,3;90,3;5,5;1,6;49;49,2
371;Asten;2016;-512;4,83;615,2;139,3;1,2;14,9;42;18,8
372;Baarle-Nassau;2016;-550;3,03;638,4;160,6;1,2;21,3;43;20,0
373;Baarn;2016;903;5,3;640,8;158,7;2,9;1,0;49;23,9
374;Barendrecht;2016;1911;0,63;692,8;105,3;13,0;0,8;41;17,1
375;Barneveld;2016;3800;1,8;803,4;144,4;2,3;10,9;38;17,6
376;Beek;2016;-628;0,62;796,1;119,9;16,6;2,7;32;28,3
377;Beekdaelen;2016;-785;1,65;386,1;108,4;2,3;5,3;40;23,8
378;Beemster;2016;1085;;529,1;152,2;;19,4;37;13,9
379;Beesel;2016;-998;2,24;340,7;87,6;2,4;6,7;41;28,6
380;Berg en Dal;2016;396;1,74;511,9;101,3;2,0;5,3;58;35,6
381;Bergeijk;2016;1587;1,64;562,6;144,8;4,0;11,9;39;13,0
382;Bergen (L.);2016;311;0,76;435,2;113,3;1,0;15,8;38;23,4
383;Bergen (NH.);2016;2142;4,01;463,4;142,9;3,7;4,4;52;14,9
384;Bergen op Zoom;2016;3357;29,59;568,9;96,6;3,8;2,5;49;45,3
385;Berkelland;2016;-157;0,45;491,9;115,2;5,3;19,6;42;20,5
386;Bernheze;2016;1161;1,34;461,5;108,1;3,1;14,5;44;14,9
387;Best;2016;-507;2,07;773,8;116,6;4,5;3,1;38;25,4
388;Beuningen;2016;2657;0,79;403,2;104,6;2,5;4,4;44;26,2
389;Beverwijk;2016;1413;24,31;575,5;98,7;3,4;0,7;43;39,2
390;Bladel;2016;1279;1,5;887,9;130,6;3,5;9,1;41;11,9
391;Blaricum;2016;333;1,04;488,5;127,7;0,8;1,1;63;18,2
392;Bloemendaal;2016;1327;5,83;373,8;127,0;1,2;0,5;54;14,4
393;Bodegraven-Reeuwijk;2016;3881;2,99;610,2;129,4;3,8;7,2;37;15,1
394;Boekel;2016;1915;;463,3;112,9;6,6;23,0;48;16,3
395;Borger-Odoorn;2016;1182;;362,4;117,0;2,3;14,5;43;30,6
396;Borne;2016;3770;0,45;414,8;108,7;9,6;3,4;47;25,0
397;Borsele;2016;256;0,88;590,3;140,4;4,0;18,7;29;17,1
398;Boxmeer;2016;3100;1,05;716,2;92,9;;14,9;46;19,1
399;Boxtel;2016;1074;2,77;621,6;95,9;2,5;6,8;41;22,0
400;Breda;2016;1446;28,63;736,1;122,4;4,5;1,2;48;42,2
401;Brielle;2016;-915;1,8;525,0;93,9;2,2;6,7;38;20,6
402;Bronckhorst;2016;-134;0,82;499,1;133,4;4,0;18,1;42;16,3
403;Brummen;2016;2311;0,96;489,7;106,1;0,6;6,6;38;22,3
404;Brunssum;2016;-71;0,7;346,8;76,1;0,0;0,6;53;50,2
405;Bunnik;2016;359;1,35;822,5;153,2;3,9;5,5;39;13,8
406;Bunschoten;2016;1764;;714,5;119,1;1,0;3,8;36;13,9
407;Buren;2016;461;1,53;405,8;141,7;0,7;13,7;37;14,0
408;Capelle aan den IJssel;2016;620;2,26;710,8;89,0;3,2;0,4;46;55,2
409;Castricum;2016;1162;6,94;392,1;108,4;1,0;3,2;47;15,0
410;Coevorden;2016;2384;1,98;532,2;114,4;2,1;14,9;46;40,5
411;Cranendonck;2016;1043;1,45;517,6;127,5;1,0;8,9;39;20,8
412;Cuijk;2016;2314;2,84;553,6;80,1;;9,3;38;27,9
413;Culemborg;2016;1832;1,09;614,3;118,5;3,8;2,0;46;39,1
414;Dalfsen;2016;190;2,51;568,6;128,6;4,8;19,3;38;14,8
415;Dantumadiel;2016;1036;1,05;334,7;97,8;2,3;11,6;46;42,7
416;De Bilt;2016;1907;3,78;618,0;148,4;2,3;2,7;49;23,0
417;De Fryske Marren;2016;904;1,95;546,9;144,4;4,1;13,0;43;29,3
418;De Ronde Venen;2016;1466;1,88;510,7;148,7;3,5;5,8;39;16,9
419;De Wolden;2016;28;1,26;451,8;144,9;1,2;20,4;43;15,3
420;Delft;2016;2162;6,53;650,2;90,8;3,8;0,9;44;47,8
421;Den Haag;2016;1226;7,85;692,3;122,6;2,9;3,3;46;85,5
422;Den Helder;2016;228;9,24;600,8;67,3;2,1;3,4;40;45,7
423;Deurne;2016;2187;3,14;566,2;130,0;1,3;13,3;48;20,7
424;Deventer;2016;2550;10,22;674,2;108,6;2,7;3,7;46;48,4
425;Diemen;2016;2357;4,47;888,8;139,0;6,9;0,0;40;33,1
426;Dinkelland;2016;755;1,91;585,4;134,1;4,3;23,6;41;13,6
427;Doesburg;2016;-1387;5,29;403,7;96,3;6,5;1,2;41;49,1
428;Doetinchem;2016;3390;28,51;750,7;109,1;4,4;4,3;49;35,3
429;Dongen;2016;1774;;479,8;110,6;2,4;5,6;42;20,1
430;Dordrecht;2016;2045;38,64;606,5;85,3;4,4;0,9;45;56,5
431;Drechterland;2016;-186;;406,1;118,8;0,0;17,1;41;13,1
432;Drimmelen;2016;-146;;419,4;110,0;4,4;9,6;48;11,0
433;Dronten;2016;-731;1,23;526,1;126,3;2,2;14,0;44;28,2
434;Druten;2016;1737;1,09;514,0;104,2;4,6;7,5;44;24,9
435;Duiven;2016;1243;0,79;813,1;101,9;3,2;3,0;41;28,0
436;Echt-Susteren;2016;1102;4,7;545,1;118,8;4,2;7,5;44;24,3
437;Edam-Volendam;2016;137;0,85;561,5;131,7;0,5;3,7;38;13,6
438;Ede;2016;1627;12,36;675,2;120,9;2,3;8,2;46;28,0
439;Eemnes;2016;-305;2,25;445,2;161,4;0,9;5,6;34;15,9
440;Eemsdelta;2016;1705;3,4;527,2;86,8;1,3;13,4;40;53,7
441;Eersel;2016;152;4,31;674,6;136,2;3,2;12,1;42;11,3
442;Eijsden-Margraten;2016;1550;5,97;390,2;121,6;3,4;7,7;40;13,1
443;Eindhoven;2016;2294;29,63;905,9;118,0;5,4;0,2;44;49,7
444;Elburg;2016;584;0,44;564,8;103,1;6,3;6,9;38;16,0
445;Emmen;2016;3667;10,88;569,4;96,0;5,5;6,7;46;53,5
446;Enkhuizen;2016;1147;5,42;563,5;113,1;3,6;2,5;42;29,7
447;Enschede;2016;2627;13,83;686,1;98,0;6,5;1,6;49;74,1
448;Epe;2016;-145;3,41;523,7;111,6;3,6;7,5;42;23,0
449;Ermelo;2016;-1096;7,17;719,5;114,4;3,9;4,8;50;19,8
450;Etten-Leur;2016;965;2,33;635,0;100,1;5,1;4,9;44;27,4
451;Geertruidenberg;2016;904;1,39;683,8;106,8;9,5;2,9;37;23,7
452;Geldrop-Mierlo;2016;1049;4,63;477,4;107,5;5,4;1,6;47;30,8
453;Gemert-Bakel;2016;2930;;493,7;127,7;1,1;14,6;44;20,8
454;Gennep;2016;621;0,59;634,9;124,7;3,1;6,8;49;26,9
455;Gilze en Rijen;2016;857;4,97;643,2;106,8;2,9;6,1;38;27,9
456;Goeree-Overflakkee;2016;1236;0,41;539,6;113,4;2,6;10,3;47;14,9
457;Goes;2016;3029;12,09;947,1;140,5;3,4;4,1;52;32,1
458;Goirle;2016;580;1,29;429,2;111,0;4,9;3,1;51;23,6
459;Gooise Meren;2016;1398;3,53;518,3;146,1;2,0;0,5;47;26,0
460;Gorinchem;2016;4087;5,1;914,5;110,6;2,7;0,7;49;37,3
461;Gouda;2016;4157;10,39;671,0;96,3;2,5;0,4;51;43,6
462;Grave;2016;393;1,58;392,1;85,4;;8,4;50;19,6
463;Groningen;2016;4282;21,85;779,1;102,1;2,9;1,1;49;68,8
464;Gulpen-Wittem;2016;810;4,14;374,0;125,0;0,8;9,9;49;18,6
465;Haaksbergen;2016;2192;0,82;540,6;118,5;2,5;14,0;40;25,3
466;Haarlem;2016;3123;39,84;539,9;117,7;2,7;0,1;49;36,7
467;Haarlemmermeer;2016;2891;3,4;1221,2;107,9;5,3;2,9;39;21,6
468;Halderberge;2016;1478;2,71;499,5;108,1;2,7;9,0;44;25,7
469;Hardenberg;2016;2482;0,67;580,4;113,1;4,8;16,7;44;25,5
470;Harderwijk;2016;1309;17,4;691,6;107,1;5,0;1,4;48;31,8
471;Hardinxveld-Giessendam;2016;2124;;610,5;98,8;1,3;3,1;34;14,8
472;Harlingen;2016;1262;;545,0;118,9;54,4;5,0;43;53,1
473;Hattem;2016;1236;2,52;458,2;107,9;2,2;4,3;44;18,4
474;Heemskerk;2016;828;8,91;311,1;69,9;2,0;3,4;49;34,0
475;Heemstede;2016;944;5,6;441,3;126,2;1,8;0,4;54;15,2
476;Heerde;2016;2277;2,16;482,1;98,5;1,5;6,7;45;14,9
477;Heerenveen;2016;2443;9,15;818,7;128,9;4,5;6,9;44;44,2
478;Heerhugowaard;2016;1661;1,11;528,5;95,1;;3,9;44;24,9
479;Heerlen;2016;2475;10,75;792,5;89,1;4,1;0,3;49;77,2
480;Heeze-Leende;2016;817;1,28;524,7;143,3;6,2;9,5;48;11,8
481;Heiloo;2016;2317;3,53;411,2;114,2;2,6;2,7;49;18,7
482;Hellendoorn;2016;3523;0,84;516,7;103,6;2,8;12,8;45;23,1
483;Hellevoetsluis;2016;2111;5,02;344,6;72,2;2,5;3,1;53;34,6
484;Helmond;2016;1216;10,65;626,6;102,3;3,8;1,0;43;50,2
485;Hendrik-Ido-Ambacht;2016;4152;2,38;385,1;83,2;4,1;0,6;42;18,0
486;Hengelo;2016;2836;2,1;783,1;111,9;4,8;1,5;42;49,7
487;Het Hogeland;2016;1255;0,62;420,3;104,3;0,8;18,5;41;35,7
488;Heumen;2016;-170;6,11;402,8;116,8;0,0;4,9;49;25,3
489;Heusden;2016;3035;1,39;432,5;100,0;2,0;5,8;37;21,1
490;Hillegom;2016;-706;8,54;458,4;104,8;0,0;5,4;44;18,9
491;Hilvarenbeek;2016;445;;541,5;139,3;0,0;15,6;41;13,2
492;Hilversum;2016;2080;19,36;706,2;126,1;3,3;0,2;47;37,6
493;Hoeksche Waard;2016;427;1,53;511,8;112,8;1,7;6,0;42;13,9
494;Hof van Twente;2016;595;0,86;596,3;141,4;4,6;18,0;43;20,1
495;Hollands Kroon;2016;555;0,84;466,6;128,9;1,1;20,7;37;18,4
496;Hoogeveen;2016;1931;0,72;700,3;100,7;2,8;6,1;45;38,7
497;Hoorn;2016;1393;8,31;586,3;103,9;4,6;0,7;50;38,7
498;Horst aan de Maas;2016;1186;3,84;592,8;117,9;2,3;18,3;46;15,9
499;Houten;2016;1865;0,62;643,1;127,3;3,4;3,3;43;18,3
500;Huizen;2016;-1812;0,97;414,5;99,6;2,7;0,3;51;31,8
501;Hulst;2016;1310;1,1;465,3;116,0;2,5;16,2;50;18,6
502;IJsselstein;2016;36;0,59;546,3;108,8;1,4;1,8;44;26,0
503;Kaag en Braassem;2016;1431;0,38;473,7;121,2;2,7;12,5;38;15,4
504;Kampen;2016;2636;7,7;547,0;113,5;4,2;9,6;43;26,3
505;Kapelle;2016;2142;1,58;535,8;133,7;1,9;12,2;37;12,4
506;Katwijk;2016;1754;2,02;484,8;81,4;1,9;3,4;43;22,1
507;Kerkrade;2016;1475;5,0;422,9;80,6;2,9;0,3;47;60,5
508;Koggenland;2016;143;3,12;469,3;123,4;0,0;15,3;36;12,5
509;Krimpen aan den IJssel;2016;824;4,47;463,4;89,2;3,4;0,5;38;28,1
510;Krimpenerwaard;2016;821;0,73;484,6;116,4;;7,6;37;20,5
511;Laarbeek;2016;1148;1,82;469,5;126,6;2,0;8,6;40;16,6
512;Landerd;2016;368;;494,7;106,7;;17,1;43;13,2
513;Landgraaf;2016;-124;3,2;331,4;76,9;4,2;1,3;49;44,0
514;Landsmeer;2016;367;;425,8;184,9;0,8;2,6;45;16,0
515;Langedijk;2016;2600;0,73;406,4;105,7;;2,7;43;17,3
516;Lansingerland;2016;4736;3,39;597,5;108,9;1,4;7,3;38;17,4
517;Laren;2016;928;;615,3;170,5;6,8;0,0;57;15,9
518;Leeuwarden;2016;3440;30,2;761,9;109,9;3,1;3,5;51;73,8
519;Leiden;2016;2015;31,82;717,8;94,7;3,3;0,1;51;44,4
520;Leiderdorp;2016;1099;2,97;604,5;95,5;5,7;1,0;62;24,7
521;Leidschendam-Voorburg;2016;1161;1,89;409,6;100,7;2,3;1,8;52;41,1
522;Lelystad;2016;2104;2,21;620,1;117,9;3,8;2,2;48;53,3
523;Leudal;2016;708;1,66;498,2;119,4;2,4;15,8;46;17,9
524;Leusden;2016;-652;2,39;677,4;133,3;4,0;3,4;44;17,8
525;Lingewaard;2016;912;1,74;428,8;101,4;2,7;6,6;46;17,5
526;Lisse;2016;2423;3,54;536,1;105,0;1,0;4,0;45;16,6
527;Lochem;2016;650;2,1;547,8;138,8;1,8;12,7;45;23,1
528;Loon op Zand;2016;1156;2,18;533,6;114,1;3,0;4,5;50;18,9
529;Lopik;2016;-337;;492,0;135,6;1,3;15,9;31;14,7
530;Losser;2016;984;0,45;452,3;104,6;4,3;14,7;49;28,9
531;Maasdriel;2016;1113;3,32;548,7;149,6;1,0;10,2;39;15,7
532;Maasgouw;2016;-27;1,26;449,7;119,5;4,5;2,7;46;20,6
533;Maassluis;2016;1644;0,93;311,3;73,6;1,5;1,7;47;46,8
534;Maastricht;2016;1851;10,36;725,1;103,4;4,7;0,5;49;47,5
535;Medemblik;2016;182;2,52;574,8;125,4;1,6;13,3;40;18,6
536;Meerssen;2016;-746;5,78;349,3;114,1;7,0;3,0;46;18,4
537;Meierijstad;2016;2066;3,02;728,7;108,7;3,7;10,3;39;18,7
538;Meppel;2016;3508;0,91;763,2;109,5;3,5;3,7;49;35,1
539;Middelburg;2016;4202;5,22;661,4;113,9;1,8;3,2;51;45,8
540;Midden-Delfland;2016;-98;1,59;508,7;108,5;0,6;13,7;38;10,9
541;Midden-Drenthe;2016;1155;1,49;544,6;116,5;1,8;20,1;42;26,1
542;Midden-Groningen;2016;1645;2,62;451,4;89,8;2,7;10,1;39;48,0
543;Mill en Sint Hubert;2016;1093;;468,5;104,1;;17,4;39;16,1
544;Moerdijk;2016;23;3,26;731,1;119,5;4,5;6,6;32;20,8
545;Molenlanden;2016;-297;0,92;529,6;113,6;2,2;11,5;31;13,4
546;Montferland;2016;2098;3,13;534,8;102,4;5,7;8,4;43;24,8
547;Montfoort;2016;813;1,45;527,8;133,9;1,4;8,0;33;12,4
548;Mook en Middelaar;2016;-1013;;339,5;123,9;1,5;2,7;41;22,1
549;Neder-Betuwe;2016;844;1,3;600,8;124,9;5,6;14,8;37;19,3
550;Nederweert;2016;-899;0,6;495,3;147,7;2,3;18,4;43;14,6
551;Nieuwegein;2016;2291;4,37;887,3;110,2;3,3;0,4;41;33,6
552;Nieuwkoop;2016;374;0,36;500,0;120,4;2,5;12,6;42;15,1
553;Nijkerk;2016;623;2,91;677,9;125,1;4,9;4,7;36;16,8
554;Nijmegen;2016;3774;17,84;705,8;103,0;3,0;0,3;51;66,5
555;Nissewaard;2016;3607;1,9;341,4;61,6;6,1;2,2;51;43,3
556;Noardeast-Fryslân;2016;1498;0,66;471,9;117,4;1,4;17,8;42;40,3
557;Noord-Beveland;2016;1071;;492,5;169,5;4,8;16,7;45;21,1
558;Noordenveld;2016;1600;0,64;469,3;116,9;2,8;9,4;44;28,8
559;Noordoostpolder;2016;-165;1,08;720,7;144,0;1,7;22,9;43;33,3
560;Noordwijk;2016;1080;3,34;693,8;127,0;3,0;6,4;45;17,1
561;Nuenen c.a.;2016;3353;1,76;435,2;134,0;2,6;2,6;40;25,0
562;Nunspeet;2016;580;6,71;683,2;117,4;5,0;7,0;42;17,9
563;Oegstgeest;2016;2889;1,72;441,3;101,7;1,7;1,2;54;21,1
564;Oirschot;2016;877;1,1;790,6;145,4;2,1;13,9;33;12,3
565;Oisterwijk;2016;1515;1,27;572,1;139,4;3,2;6,7;47;16,4
566;Oldambt;2016;1775;1,83;499,1;91,1;2,0;8,7;48;56,5
567;Oldebroek;2016;-737;3,03;491,4;109,9;3,1;10,1;36;20,1
568;Oldenzaal;2016;1224;1,56;778,2;112,0;2,4;1,1;40;31,6
569;Olst-Wijhe;2016;1659;1,68;461,0;116,2;2,1;19,9;43;16,9
570;Ommen;2016;2129;1,7;636,5;132,8;3,7;20,6;46;20,8
571;Oost Gelre;2016;1080;1,02;722,0;109,6;6,8;14,0;41;18,0
572;Oosterhout;2016;1295;2,78;657,2;110,7;8,1;2,6;42;31,7
573;Ooststellingwerf;2016;810;;466,5;121,1;1,4;17,7;45;36,5
574;Oostzaan;2016;2886;1,05;480,0;139,1;2,4;2,0;39;15,8
575;Opmeer;2016;-292;0,88;531,8;123,9;0,9;13,2;38;14,5
576;Opsterland;2016;1012;0,67;482,7;127,2;1,2;14,9;47;33,4
577;Oss;2016;1228;2,22;584,4;94,0;3,4;6,5;40;29,0
578;Oude IJsselstreek;2016;3063;4,29;567,5;104,1;5,1;11,7;43;29,3
579;Ouder-Amstel;2016;-603;4,47;1472,5;227,2;3,9;1,8;39;21,0
580;Oudewater;2016;326;1,0;576,3;149,1;1,7;12,6;34;15,2
581;Overbetuwe;2016;1420;0,64;555,9;120,5;4,1;6,4;39;19,6
582;Papendrecht;2016;2284;3,41;574,1;77,6;3,6;0,5;34;27,9
583;Peel en Maas;2016;1787;1,15;527,0;112,8;2,3;17,1;43;15,7
584;Pekela;2016;867;;291,0;72,0;1,5;10,0;40;57,5
585;Pijnacker-Nootdorp;2016;2588;0,96;426,8;107,0;2,7;7,7;40;15,3
586;Purmerend;2016;3427;5,01;430,5;88,0;2,2;0,2;53;35,4
587;Putten;2016;-1357;2,45;520,2;126,2;4,7;11,0;42;16,7
588;Raalte;2016;1782;2,72;596,4;116,6;2,4;18,8;48;17,2
589;Reimerswaal;2016;1125;1,8;613,6;127,8;0,0;16,8;34;17,5
590;Renkum;2016;319;3,2;486,2;127,6;6,9;1,0;51;34,2
591;Renswoude;2016;1412;3,96;847,6;157,6;1,5;15,5;38;10,8
592;Reusel-De Mierden;2016;2232;2,34;423,5;135,4;0,0;17,3;40;10,7
593;Rheden;2016;1260;5,25;479,2;107,6;4,8;1,7;49;35,9
594;Rhenen;2016;1340;1,55;431,2;123,5;3,9;5,8;45;26,0
595;Ridderkerk;2016;1157;0,89;617,0;91,9;3,4;2,3;41;28,1
596;Rijssen-Holten;2016;1099;1,32;724,5;108,4;5,8;7,9;37;19,8
597;Rijswijk;2016;5236;3,65;917,4;112,0;4,0;1,0;42;44,6
598;Roerdalen;2016;-512;2,9;329,6;99,6;2,9;11,3;43;23,7
599;Roermond;2016;1575;7,72;795,9;112,6;4,9;1,4;49;52,4
600;Roosendaal;2016;1193;13,64;647,6;103,1;7,2;3,8;48;39,7
601;Rotterdam;2016;2324;15,42;737,0;97,4;3,8;0,6;44;101,5
602;Rozendaal;2016;-4004;;447,0;145,8;0,0;0,0;57;8,5
603;Rucphen;2016;774;1,35;352,4;117,1;3,6;8,7;40;23,0
604;Schagen;2016;845;3,03;595,2;124,5;2,5;12,0;43;19,0
605;Scherpenzeel;2016;-575;1,05;693,2;115,8;1,1;7,5;32;12,6
606;Schiedam;2016;5559;7,39;603,7;81,9;6,4;1,2;43;57,7
607;Schiermonnikoog;2016;5695;;852,6;187,9;0,0;7,7;50;13,0
608;Schouwen-Duiveland;2016;1297;6,82;606,4;168,1;3,3;12,3;45;21,4
609;'s-Hertogenbosch;2016;1343;12,2;845,0;113,8;4,4;1,5;45;42,1
610;Simpelveld;2016;247;1,86;272,4;92,0;0,0;6,7;53;22,3
611;Sint Anthonis;2016;-382;;474,2;124,0;;36,1;45;10,8
612;Sint-Michielsgestel;2016;102;;392,8;117,0;1,4;7,7;45;14,3
613;Sittard-Geleen;2016;3333;10,05;712,0;105,1;3,1;1,2;43;47,0
614;Sliedrecht;2016;966;1,2;821,6;88,3;0,6;0,6;43;31,9
615;Sluis;2016;2520;1,69;622,2;162,0;2,3;19,8;49;20,7
616;Smallingerland;2016;1584;3,79;675,9;104,4;4,8;4,9;45;53,9
617;Soest;2016;498;2,86;512,9;142,5;5,1;1,0;43;28,4
618;Someren;2016;-1135;;587,7;142,5;3,9;14,5;38;18,9
619;Son en Breugel;2016;308;3,65;1215,3;150,6;2,4;3,4;35;21,8
620;Stadskanaal;2016;701;1,53;490,5;91,0;1,9;7,3;47;46,9
621;Staphorst;2016;-1320;;672,8;139,2;1,2;26,4;31;15,2
622;Stede Broec;2016;699;1,4;332,4;81,1;0,7;7,5;49;21,9
623;Steenbergen;2016;-660;1,28;389,9;107,0;4,9;13,9;45;23,9
624;Steenwijkerland;2016;1191;5,08;495,5;133,8;6,5;13,5;45;31,8
625;Stein;2016;1425;2,79;452,1;93,5;1,9;2,2;38;20,1
626;Stichtse Vecht;2016;1150;1,56;474,9;132,4;2,6;3,8;44;21,4
627;Súdwest-Fryslân;2016;1650;1,9;621,2;135,3;2,0;12,2;43;42,5
628;Terneuzen;2016;3065;11,89;722,4;103,0;6,1;10,2;40;31,2
629;Terschelling;2016;1589;6,16;643,5;175,3;1,4;6,0;46;7,4
630;Texel;2016;1417;3,68;748,9;177,9;0,5;16,7;42;13,6
631;Teylingen;2016;-654;3,61;600,5;106,5;3,9;4,6;43;13,5
632;Tholen;2016;1654;2,36;459,5;132,0;1,9;17,0;40;22,5
633;Tiel;2016;2118;23,85;728,9;103,9;5,9;2,1;46;54,3
634;Tilburg;2016;-263;14,89;668,1;101,7;2,6;1,1;48;54,7
635;Tubbergen;2016;2;;538,4;136,7;1,9;26,2;39;10,5
636;Twenterand;2016;870;1,18;455,2;101,4;3,3;11,1;43;26,0
637;Tynaarlo;2016;1290;1,83;479,4;118,1;1,6;6,8;49;22,8
638;Tytsjerksteradiel;2016;898;1,56;404,7;107,3;0,8;11,9;43;30,2
639;Uden;2016;1831;6,06;775,6;107,8;;6,3;47;26,2
640;Uitgeest;2016;-8;3,74;361,4;87,4;5,7;3,4;38;16,3
641;Uithoorn;2016;2384;1,37;599,8;109,8;2,7;5,0;37;18,3
642;Urk;2016;1709;0,5;676,2;117,9;0,6;8,2;43;13,0
643;Utrecht;2016;2456;30,36;935,2;137,2;3,1;0,2;47;50,7
644;Utrechtse Heuvelrug;2016;2440;3,09;626,4;155,5;2,1;3,3;47;21,7
645;Vaals;2016;2326;6,23;328,5;101,5;0,0;5,3;52;51,8
646;Valkenburg aan de Geul;2016;56;3,63;489,5;131,0;1,3;3,7;48;27,9
647;Valkenswaard;2016;1742;0,99;561,0;123,7;4,0;2,8;42;27,7
648;Veendam;2016;228;1,82;568,3;85,7;3,6;5,1;40;52,5
649;Veenendaal;2016;2181;3,13;596,0;107,1;2,8;0,6;39;38,4
650;Veere;2016;1182;0,91;548,8;161,1;0,9;15,2;46;14,2
651;Veldhoven;2016;3543;2,93;916,1;105,0;3,0;1,4;44;20,2
652;Velsen;2016;2267;4,3;662,2;85,5;3,9;0,9;34;30,7
653;Venlo;2016;2634;21,62;764,5;104,6;3,8;2,8;43;50,7
654;Venray;2016;1104;4,39;817,2;109,5;4,9;13,8;45;34,0
655;Vijfheerenlanden;2016;1497;1,3;645,3;114,0;2,1;7,9;38;23,4
656;Vlaardingen;2016;3428;4,73;391,1;71,8;5,6;0,8;45;55,2
657;Vlieland;2016;2961;;884,7;209,5;;0,0;52;10,9
658;Vlissingen;2016;5092;32,85;513,4;86,9;1,7;1,4;45;64,1
659;Voerendaal;2016;623;;289,7;116,7;2,1;6,4;43;16,5
660;Voorschoten;2016;1006;0,4;331,5;100,9;0,5;1,1;50;22,3
661;Voorst;2016;1923;0,83;749,2;119,1;0,9;13,6;44;19,8
662;Vught;2016;1496;4,91;620,6;114,9;1,6;4,2;50;18,7
663;Waadhoeke;2016;554;1,3;457,9;115,0;1,3;15,0;41;34,9
664;Waalre;2016;-363;4,7;374,7;130,4;3,1;1,9;43;19,4
665;Waalwijk;2016;3199;4,04;754,1;123,1;4,4;2,5;42;27,1
666;Waddinxveen;2016;2713;3,84;652,7;101,8;4,9;5,1;36;21,3
667;Wageningen;2016;1197;4,23;654,4;90,4;4,3;1,8;48;27,6
668;Wassenaar;2016;-1523;1,16;549,0;123,2;2,0;0,9;48;25,7
669;Waterland;2016;-141;4,05;347,4;130,3;0,6;7,1;44;13,0
670;Weert;2016;2292;4,07;673,2;113,5;4,7;5,0;44;34,1
671;Weesp;2016;2210;1,08;604,0;118,5;4,5;1,8;40;36,9
672;West Betuwe;2016;1871;1,61;682,2;136,9;3,1;11,2;36;18,0
673;West Maas en Waal;2016;665;;422,7;133,5;3,5;10,9;46;21,9
674;Westerkwartier;2016;2739;;474,8;113,8;2,1;14,8;40;25,8
675;Westerveld;2016;132;5,81;649,1;141,1;3,2;16,2;40;23,3
676;Westervoort;2016;1206;3,33;241,6;81,7;4,5;1,0;49;42,9
677;Westerwolde;2016;178;2,36;468,0;107,0;1,5;19,9;43;31,7
678;Westland;2016;3005;1,71;774,6;133,3;2,9;15,6;38;19,7
679;Weststellingwerf;2016;2208;1,57;478,8;137,9;3,9;17,7;45;31,7
680;Westvoorne;2016;3294;;386,9;105,4;2,9;8,9;51;13,6
681;Wierden;2016;1093;;443,6;115,6;4,9;13,7;42;16,1
682;Wijchen;2016;-182;0,74;535,4;106,4;4,5;4,3;40;27,9
683;Wijdemeren;2016;911;1,29;461,6;138,1;1,0;2,5;44;16,6
684;Wijk bij Duurstede;2016;1345;1,71;396,8;123,2;1,4;6,3;45;19,5
685;Winterswijk;2016;2488;4,84;606,5;108,3;2,5;12,8;49;35,3
686;Woensdrecht;2016;181;1,38;558,2;95,1;1,2;6,3;36;19,8
687;Woerden;2016;1984;0,2;727,7;129,9;2,6;5,7;45;18,3
688;Wormerland;2016;336;;393,1;108,2;5,3;7,0;36;19,8
689;Woudenberg;2016;1824;0,8;548,0;126,7;2,6;9,6;43;18,0
690;Zaanstad;2016;3242;2,16;548,0;127,2;3,2;0,7;43;42,7
691;Zaltbommel;2016;2209;1,82;675,0;135,4;8,9;9,9;42;20,6
692;Zandvoort;2016;2047;45,26;400,7;115,8;3,9;0,0;50;34,8
693;Zeewolde;2016;-708;0,45;647,1;148,8;3,4;11,6;38;21,6
694;Zeist;2016;-455;5,78;787,4;138,3;1,5;0,5;50;37,9
695;Zevenaar;2016;2507;1,62;566,7;99,6;3,9;4,6;42;32,9
696;Zoetermeer;2016;196;0,56;553,1;89,5;3,3;0,7;44;44,4
697;Zoeterwoude;2016;734;2,46;1164,1;124,4;4,9;6,4;35;13,7
698;Zuidplas;2016;2586;1,22;540,4;113,0;1,0;6,3;37;22,5
699;Zundert;2016;527;2,79;495,3;116,6;4,7;23,2;49;15,8
700;Zutphen;2016;2469;15,11;615,3;111,4;3,8;1,3;52;53,4
701;Zwartewaterland;2016;2899;0,45;673,7;114,6;3,7;9,7;32;17,1
702;Zwijndrecht;2016;2679;2,92;601,2;85,0;3,7;1,1;41;39,0
703;Zwolle;2016;2676;26,5;1008,1;115,5;4,0;1,4;51;45,8
704;Aa en Hunze;2017;122;0,4;427,7;123,2;0,5;13,6;47;23,7
705;Aalsmeer;2017;423;0,96;656,8;121,6;3,8;4,3;37;12,3
706;Aalten;2017;344;1,48;513,3;101,4;2,9;14,2;44;21,4
707;Achtkarspelen;2017;1359;1,79;437,0;115,9;0,4;11,3;36;41,6
708;Alblasserdam;2017;1911;3,5;622,7;103,2;3,7;0,7;36;28,1
709;Albrandswaard;2017;1631;1,59;572,0;88,4;4,1;1,8;46;23,1
710;Alkmaar;2017;3236;32,94;662,8;113,3;2,1;2,4;48;38,2
711;Almelo;2017;2974;18,21;763,6;100,7;5,5;2,2;45;70,2
712;Almere;2017;2563;12,09;524,9;118,2;4,5;0,5;47;51,6
713;Alphen aan den Rijn;2017;877;3,03;556,4;109,2;1,6;8,9;44;26,8
714;Alphen-Chaam;2017;1130;2,98;413,9;146,7;2,6;20,5;44;16,0
715;Altena;2017;1295;0,18;486,3;124,8;3,2;6,5;39;17,2
716;Ameland;2017;4745;;805,6;199,6;0,0;11,1;45;3,4
717;Amersfoort;2017;1874;16,26;719,3;132,8;3,6;0,5;47;39,0
718;Amstelveen;2017;-257;2,58;824,1;157,9;2,6;0,8;45;20,6
719;Amsterdam;2017;4350;10,14;954,6;218,0;2,4;0,1;44;79,4
720;Apeldoorn;2017;2989;13,81;798,2;106,5;4,3;2,0;45;38,5
721;Arnhem;2017;3741;22,22;850,4;120,5;3,5;0,3;50;82,5
722;Assen;2017;3058;23,98;781,1;89,9;4,9;1,8;48;50,4
723;Asten;2017;-283;4,79;620,2;141,1;3,4;14,5;41;19,3
724;Baarle-Nassau;2017;-236;1,5;636,7;161,7;0,0;21,0;43;25,3
725;Baarn;2017;786;2,85;657,7;166,8;1,0;1,0;49;24,9
726;Barendrecht;2017;2046;0,21;723,4;108,0;3,6;0,8;42;19,6
727;Barneveld;2017;3611;0,89;815,7;144,3;0,8;10,5;38;19,2
728;Beek;2017;182;2,51;812,0;123,8;2,7;2,6;33;28,4
729;Beekdaelen;2017;123;1,66;391,6;111,1;1,1;4,9;40;23,2
730;Beemster;2017;1029;1,09;522,5;150,1;;19,2;38;15,0
731;Beesel;2017;-591;2,98;344,6;89,6;3,4;5,5;41;25,7
732;Berg en Dal;2017;437;5,47;508,8;103,7;0,8;4,8;58;36,4
733;Bergeijk;2017;1401;0,55;579,8;148,5;1,9;11,6;38;12,8
734;Bergen (L.);2017;402;2,29;428,5;111,8;2,0;15,9;38;23,3
735;Bergen (NH.);2017;2123;5,7;470,2;143,1;0,6;4,4;53;16,5
736;Bergen op Zoom;2017;3385;30,83;577,0;99,8;2,3;2,4;49;45,6
737;Berkelland;2017;-238;0,45;502,8;115,7;3,1;19,1;42;22,4
738;Bernheze;2017;933;6,61;471,8;109,9;1,7;14,5;44;16,3
739;Best;2017;-540;3,77;785,8;120,3;3,2;3,0;37;24,7
740;Beuningen;2017;2465;1,57;406,7;105,1;1,0;4,3;45;26,9
741;Beverwijk;2017;1281;8,11;581,5;100,7;3,4;0,6;44;38,7
742;Bladel;2017;1391;2,49;912,0;133,4;3,4;8,4;41;13,7
743;Blaricum;2017;110;2,94;480,1;130,0;0,8;1,0;63;18,5
744;Bloemendaal;2017;1178;6,57;374,4;130,5;0,8;0,5;54;13,5
745;Bodegraven-Reeuwijk;2017;3459;0,89;606,6;134,4;1,9;7,2;37;16,4
746;Boekel;2017;1428;;459,6;115,5;0,0;22,0;48;18,4
747;Borger-Odoorn;2017;1239;1,97;373,8;116,4;0,5;14,2;42;31,8
748;Borne;2017;3315;1,32;403,9;101,4;4,8;2,9;48;26,8
749;Borsele;2017;306;;578,4;142,5;2,4;18,3;30;16,9
750;Boxmeer;2017;2780;;716,4;94,2;;14,6;47;20,2
751;Boxtel;2017;1089;8,86;613,3;97,4;2,0;6,6;40;23,7
752;Breda;2017;1574;23,15;758,2;127,5;2,8;1,1;48;43,7
753;Brielle;2017;-886;0,59;535,4;98,9;6,4;6,3;39;21,1
754;Bronckhorst;2017;-116;2,2;497,3;136,1;1,0;17,5;40;17,3
755;Brummen;2017;2461;2,88;503,1;108,7;0,0;6,5;39;25,2
756;Brunssum;2017;146;1,41;343,5;77,7;2,8;0,6;52;46,8
757;Bunnik;2017;395;4,62;858,3;158,8;1,8;5,8;39;13,5
758;Bunschoten;2017;1486;0,95;730,1;119,7;2,0;3,7;36;14,4
759;Buren;2017;410;;404,3;141,5;1,3;13,2;38;14,4
760;Capelle aan den IJssel;2017;623;4,67;681,8;93,3;2,4;0,4;46;55,0
761;Castricum;2017;1088;8,8;383,7;108,3;1,0;3,2;49;15,4
762;Coevorden;2017;1887;4,25;534,4;114,5;1,7;15,2;45;40,8
763;Cranendonck;2017;1247;1,45;523,7;131,7;2,0;8,7;38;23,7
764;Cuijk;2017;2396;3,24;569,8;83,4;;8,3;38;29,7
765;Culemborg;2017;1566;1,79;605,2;116,1;2,1;2,0;46;37,6
766;Dalfsen;2017;228;7,48;596,3;131,5;1,6;19,1;38;16,0
767;Dantumadiel;2017;998;3,7;332,8;99,6;3,0;11,4;45;43,4
768;De Bilt;2017;1904;3,74;624,4;152,0;2,2;2,6;49;25,5
769;De Fryske Marren;2017;1054;;549,9;145,6;2,0;12,6;44;30,4
770;De Ronde Venen;2017;1220;1,87;517,2;150,3;2,0;5,7;39;17,6
771;De Wolden;2017;-9;;456,8;147,9;1,6;20,3;43;16,3
772;Delft;2017;2541;9,27;646,8;91,8;2,5;0,9;44;49,0
773;Den Haag;2017;1883;22,9;687,0;126,7;2,8;3,2;45;84,8
774;Den Helder;2017;521;8,93;599,5;68,3;4,2;3,1;40;46,5
775;Deurne;2017;1912;5,95;584,2;133,2;0,3;13,3;47;22,1
776;Deventer;2017;2528;8,36;703,2;113,0;3,3;3,7;47;49,0
777;Diemen;2017;1893;6,23;890,4;145,7;2,6;0,0;40;33,1
778;Dinkelland;2017;320;0,76;573,6;135,7;1,9;23,5;41;16,4
779;Doesburg;2017;-1255;;415,9;99,1;1,3;2,3;40;47,5
780;Doetinchem;2017;3252;8,41;765,1;110,8;4,8;4,0;49;37,5
781;Dongen;2017;1825;2,35;480,5;113,2;3,7;5,5;42;20,4
782;Dordrecht;2017;2554;38,07;615,3;89,7;3,5;0,9;45;55,6
783;Drechterland;2017;-337;0,52;416,1;118,8;2,1;17,1;41;12,4
784;Drimmelen;2017;-45;0,37;440,4;112,6;1,2;9,4;48;11,9
785;Dronten;2017;-235;2,95;536,5;127,0;2,7;13,8;44;28,5
786;Druten;2017;1569;;508,3;104,9;1,3;7,4;44;26,5
787;Duiven;2017;1020;1,18;841,3;102,7;5,2;3,0;38;29,8
788;Echt-Susteren;2017;1785;2,2;570,9;120,5;6,3;7,1;44;24,3
789;Edam-Volendam;2017;87;1,12;551,5;132,7;0,5;3,6;39;14,5
790;Ede;2017;1421;9,43;680,3;120,8;1,8;7,9;45;29,5
791;Eemnes;2017;507;1,11;468,4;163,0;8,0;5,4;33;17,0
792;Eemsdelta;2017;1802;1,71;527,9;84,5;4,0;13,8;41;56,3
793;Eersel;2017;-447;1,08;695,8;143,3;1,6;11,5;42;12,6
794;Eijsden-Margraten;2017;2003;1,58;390,9;122,5;1,4;8,0;40;15,9
795;Eindhoven;2017;2266;30,94;926,8;121,3;3,3;0,2;45;50,5
796;Elburg;2017;512;0,87;566,5;102,4;0,6;6,9;38;18,8
797;Emmen;2017;3997;23,16;559,0;95,8;4,5;6,7;46;55,4
798;Enkhuizen;2017;926;4,33;559,4;113,3;1,8;2,5;43;29,6
799;Enschede;2017;2495;25,1;702,8;99,8;4,0;1,6;49;73,5
800;Epe;2017;-187;1,23;537,6;111,1;3,2;7,4;41;23,1
801;Ermelo;2017;-584;3,01;713,1;115,2;1,7;4,8;50;21,5
802;Etten-Leur;2017;1178;3,95;649,9;101,4;5,0;4,9;45;28,1
803;Geertruidenberg;2017;1138;2,33;690,1;109,7;3,7;2,8;37;24,4
804;Geldrop-Mierlo;2017;839;2,56;484,1;108,9;2,7;1,6;47;32,1
805;Gemert-Bakel;2017;2894;2,0;512,7;129,8;1,8;13,9;43;22,5
806;Gennep;2017;522;2,34;664,9;123,1;7,0;6,3;47;27,4
807;Gilze en Rijen;2017;1308;3,05;645,7;111,2;4,7;5,9;38;28,7
808;Goeree-Overflakkee;2017;1183;1,44;540,2;114,9;2,3;10,3;47;16,8
809;Goes;2017;2838;10,19;949,7;144,1;2,7;3,7;52;31,6
810;Goirle;2017;752;0,43;435,0;112,0;1,6;3,1;52;21,2
811;Gooise Meren;2017;1523;4,92;516,7;150,2;2,4;0,5;49;25,9
812;Gorinchem;2017;3793;5,03;877,7;113,1;3,9;0,7;49;40,1
813;Gouda;2017;4053;8,92;665,2;99,5;1,5;0,4;51;44,6
814;Grave;2017;691;2,43;423,4;91,9;;8,0;51;20,0
815;Groningen;2017;4372;22,57;800,7;105,4;3,0;1,0;49;69,3
816;Gulpen-Wittem;2017;1420;4,18;378,0;127,2;1,6;9,9;49;18,0
817;Haaksbergen;2017;1914;1,65;549,3;122,4;2,0;14,0;40;24,2
818;Haarlem;2017;3118;31,28;546,4;122,1;1,6;0,1;50;37,5
819;Haarlemmermeer;2017;2586;6,53;1263,1;117,7;2,5;2,7;40;23,4
820;Halderberge;2017;1904;3,04;521,9;112,1;1,9;8,3;46;25,7
821;Hardenberg;2017;2220;1,0;573,0;113,5;3,2;16,4;43;26,4
822;Harderwijk;2017;1113;13,16;672,2;107,4;3,5;1,4;46;32,8
823;Hardinxveld-Giessendam;2017;1699;0,56;615,8;102,9;1,8;3,0;34;16,2
824;Harlingen;2017;1404;1,26;558,0;120,9;2,1;4,9;42;54,5
825;Hattem;2017;1206;0,83;471,9;108,5;3,2;3,2;43;20,2
826;Heemskerk;2017;528;5,11;310,0;72,1;1,6;3,3;51;34,1
827;Heemstede;2017;979;4,46;452,8;130,6;1,4;0,4;54;16,6
828;Heerde;2017;2136;;513,8;98,8;2,2;6,6;45;17,6
829;Heerenveen;2017;2343;5,78;819,2;128,2;1,8;6,9;43;45,4
830;Heerhugowaard;2017;1331;2,0;541,8;94,9;;3,8;45;25,3
831;Heerlen;2017;2955;11,47;793,4;91,0;2,1;0,3;50;75,2
832;Heeze-Leende;2017;883;1,91;520,7;145,9;1,8;9,9;49;14,1
833;Heiloo;2017;1918;4,38;408,1;116,2;3,1;2,1;50;19,0
834;Hellendoorn;2017;3382;0,28;531,6;106,2;3,1;12,4;44;23,0
835;Hellevoetsluis;2017;2030;5,76;348,0;75,4;4,5;3,0;53;35,4
836;Helmond;2017;1311;13,91;639,2;103,5;3,3;1,0;43;50,2
837;Hendrik-Ido-Ambacht;2017;4066;1,01;385,1;84,2;1,8;0,6;43;20,0
838;Hengelo;2017;2865;5,69;799,9;116,3;2,9;1,4;42;50,6
839;Het Hogeland;2017;1432;0,21;429,2;104,5;0,8;18,2;41;37,5
840;Heumen;2017;-9;2,43;412,0;116,8;2,2;4,9;50;26,4
841;Heusden;2017;2919;2,07;440,0;102,3;4,4;5,6;37;21,3
842;Hillegom;2017;-430;2,35;463,7;107,0;1,6;4,7;43;19,8
843;Hilvarenbeek;2017;445;1,96;543,8;140,3;0,6;15,4;42;12,2
844;Hilversum;2017;2184;18,34;694,0;129,7;1,6;0,2;47;38,6
845;Hoeksche Waard;2017;439;0,82;513,4;114,5;3,6;6,0;42;15,5
846;Hof van Twente;2017;557;;612,1;143,3;2,0;18,2;43;21,0
847;Hollands Kroon;2017;905;;484,4;141,0;1,9;19,4;37;19,4
848;Hoogeveen;2017;1976;0,9;695,9;100,9;2,0;6,3;45;39,0
849;Hoorn;2017;1597;9,79;586,6;104,8;1,2;0,7;49;39,7
850;Horst aan de Maas;2017;1336;3,8;583,2;117,4;2,9;18,4;45;16,5
851;Houten;2017;2010;3,45;658,9;127,5;1,8;3,2;43;20,7
852;Huizen;2017;-1413;0,72;413,6;103,2;2,0;0,3;50;33,4
853;Hulst;2017;1376;0,73;464,2;116,6;0,0;16,0;50;18,1
854;IJsselstein;2017;22;1,75;563,6;109,9;2,5;1,8;44;26,9
855;Kaag en Braassem;2017;1511;0,76;483,1;124,9;1,5;12,0;38;17,1
856;Kampen;2017;2408;1,71;561,6;114,5;1,9;9,4;43;28,0
857;Kapelle;2017;2065;0,79;549,6;136,9;0,9;11,1;38;13,4
858;Katwijk;2017;2106;1,55;491,2;84,4;3,5;3,2;43;22,5
859;Kerkrade;2017;2011;3,48;423,6;81,8;4,8;0,3;47;58,8
860;Koggenland;2017;-29;0,44;468,4;123,3;3,5;15,2;37;13,6
861;Krimpen aan den IJssel;2017;923;3,78;459,9;90,7;1,4;0,5;38;30,3
862;Krimpenerwaard;2017;922;0,91;490,6;118,5;0,0;7,4;37;21,1
863;Laarbeek;2017;1052;0,46;477,8;131,1;3,5;8,3;40;17,0
864;Landerd;2017;403;0,65;514,3;110,5;;16,4;44;16,4
865;Landgraaf;2017;407;2,4;336,3;78,4;1,5;0,9;49;43,2
866;Landsmeer;2017;585;0,89;408,0;183,8;2,3;1,9;46;16,7
867;Langedijk;2017;2627;2,9;412,5;107,2;;2,7;44;19,4
868;Lansingerland;2017;4207;1,33;596,8;113,0;3,1;6,9;39;18,5
869;Laren;2017;1024;1,8;606,2;174,5;2,8;0,8;56;18,0
870;Leeuwarden;2017;3919;21,69;762,1;111,7;2,6;3,4;50;76,7
871;Leiden;2017;2610;23,94;716,6;99,8;2,3;0,2;52;45,4
872;Leiderdorp;2017;636;0,74;600,1;99,0;1,0;1,0;62;25,9
873;Leidschendam-Voorburg;2017;1511;4,83;398,1;102,5;1,9;1,8;52;43,1
874;Lelystad;2017;1970;3,77;627,2;120,6;3,9;2,1;48;54,4
875;Leudal;2017;1568;1,11;503,7;120,3;3,3;15,1;46;17,9
876;Leusden;2017;-177;1,01;660,4;136,9;2,8;3,3;45;18,8
877;Lingewaard;2017;1088;1,08;430,5;102,3;0,6;6,5;46;19,2
878;Lisse;2017;2443;1,76;537,6;109,5;0,5;3,8;46;18,6
879;Lochem;2017;721;3,88;550,9;139,2;2,3;12,3;45;23,2
880;Loon op Zand;2017;1171;3,9;549,5;116,8;1,4;4,4;50;18,2
881;Lopik;2017;-294;2,11;501,4;136,2;1,3;15,6;30;15,5
882;Losser;2017;928;0,44;468,9;106,3;2,4;14,4;50;28,8
883;Maasdriel;2017;950;2,47;548,4;148,3;0,7;9,9;39;16,6
884;Maasgouw;2017;1035;1,68;451,1;122,5;2,4;2,7;45;22,0
885;Maassluis;2017;1690;1,85;312,8;77,3;2,9;2,1;47;46,9
886;Maastricht;2017;2040;12,87;725,9;104,1;3,7;0,5;49;46,4
887;Medemblik;2017;232;0,91;589,3;128,9;1,8;12,6;40;19,6
888;Meerssen;2017;460;5,77;342,5;113,7;1,4;3,0;45;20,8
889;Meierijstad;2017;2103;2,0;749,1;111,2;3,2;9,8;39;19,2
890;Meppel;2017;3453;2,73;737,7;107,6;4,3;3,8;49;36,2
891;Middelburg;2017;3792;16,24;659,0;115,9;1,2;2,9;51;45,6
892;Midden-Delfland;2017;433;3,15;496,7;112,0;1,1;13,2;37;14,8
893;Midden-Drenthe;2017;1058;0,6;547,5;116,1;3,8;20,5;41;26,8
894;Midden-Groningen;2017;1634;3,6;445,8;89,8;1,7;9,8;38;50,9
895;Mill en Sint Hubert;2017;1079;;484,3;107,2;;16,9;38;16,0
896;Moerdijk;2017;207;1,62;741,4;122,0;3,9;6,4;32;21,9
897;Molenlanden;2017;205;0,68;531,0;115,2;1,7;11,6;32;14,1
898;Montferland;2017;2104;4,53;538,4;102,1;1,4;8,4;42;22,2
899;Montfoort;2017;720;;533,9;133,7;0,0;8,0;34;13,2
900;Mook en Middelaar;2017;-1066;1,29;319,8;127,6;1,5;2,7;41;18,8
901;Neder-Betuwe;2017;750;0,43;632,1;122,6;0,9;14,4;37;20,8
902;Nederweert;2017;-1212;0,59;498,1;146,4;1,1;18,5;44;13,7
903;Nieuwegein;2017;2082;1,29;894,9;110,7;3,4;0,4;41;34,1
904;Nieuwkoop;2017;200;0,36;502,9;122,1;2,4;12,3;41;15,2
905;Nijkerk;2017;268;4,31;698,3;124,7;1,2;4,7;36;18,4
906;Nijmegen;2017;3805;18,5;706,9;104,6;3,2;0,3;51;67,7
907;Nissewaard;2017;3566;2,02;343,7;64,5;4,1;2,1;51;44,7
908;Noardeast-Fryslân;2017;1502;0,44;484,2;118,6;1,1;17,8;42;40,2
909;Noord-Beveland;2017;1545;1,35;508,2;172,4;1,2;16,5;46;19,5
910;Noordenveld;2017;1471;0,61;453,5;112,1;3,9;9,4;46;30,1
911;Noordoostpolder;2017;-390;2,36;725,4;144,3;2,1;22,7;43;34,9
912;Noordwijk;2017;1010;8,3;697,6;131,0;1,6;6,1;45;18,4
913;Nuenen c.a.;2017;3511;5,69;439,6;137,8;1,3;3,0;40;25,4
914;Nunspeet;2017;324;2,97;674,7;118,7;2,8;6,9;42;18,7
915;Oegstgeest;2017;1841;5,93;437,9;102,8;0,6;1,1;54;22,9
916;Oirschot;2017;661;0,54;786,8;146,6;0,5;13,5;32;12,1
917;Oisterwijk;2017;1144;2,21;591,3;142,4;2,8;6,5;46;16,7
918;Oldambt;2017;1742;1,84;509,8;94,4;2,3;8,8;48;59,1
919;Oldebroek;2017;-644;0,43;489,4;110,3;0,5;10,0;36;21,1
920;Oldenzaal;2017;1014;1,56;772,4;113,5;2,8;1,1;40;32,0
921;Olst-Wijhe;2017;1514;1,67;468,4;119,1;1,4;19,3;44;18,2
922;Ommen;2017;1496;0,57;655,8;136,8;1,8;20,8;46;22,4
923;Oost Gelre;2017;1362;0,67;726,5;109,7;1,9;13,5;41;19,1
924;Oosterhout;2017;1101;1,83;667,5;113,7;3,4;2,5;42;32,2
925;Ooststellingwerf;2017;987;0,39;472,0;123,5;0,0;16,9;45;36,4
926;Oostzaan;2017;2807;;514,1;138,8;1,1;2,0;38;18,2
927;Opmeer;2017;-388;;536,2;124,2;0,9;12,1;38;15,4
928;Opsterland;2017;1064;0,67;496,1;127,2;0,8;14,9;48;33,3
929;Oss;2017;1157;4,43;592,9;96,9;5,5;6,4;40;30,7
930;Oude IJsselstreek;2017;3024;0,76;567,8;104,3;2,2;11,3;42;29,2
931;Ouder-Amstel;2017;-313;2,24;1509,3;234,8;1,1;1,7;39;22,8
932;Oudewater;2017;130;1,96;557,9;152,8;0,0;12,2;36;13,8
933;Overbetuwe;2017;1337;0,21;568,2;121,4;2,8;6,0;38;20,2
934;Papendrecht;2017;2311;4,65;617,4;81,2;1,8;0,5;34;28,5
935;Peel en Maas;2017;1803;2,08;528,7;115,4;3,7;16,7;42;15,9
936;Pekela;2017;748;;279,5;71,2;0,0;8,8;38;58,0
937;Pijnacker-Nootdorp;2017;1976;0,76;417,5;106,2;0,7;6,9;40;16,5
938;Purmerend;2017;3416;3,13;438,3;89,5;1,2;0,2;53;35,5
939;Putten;2017;-932;0,82;527,1;129,7;0,8;10,8;42;17,3
940;Raalte;2017;1995;9,48;579,2;118,3;3,4;18,7;45;18,0
941;Reimerswaal;2017;1113;1,34;628,8;130,4;1,6;16,3;35;18,0
942;Renkum;2017;599;4,46;500,9;130,2;1,8;1,0;52;35,2
943;Renswoude;2017;1412;1,96;863,5;158,2;0,0;15,3;39;10,7
944;Reusel-De Mierden;2017;2184;1,55;421,9;137,6;5,3;16,9;40;12,6
945;Rheden;2017;1490;2,98;552,3;108,6;0,9;1,4;47;37,0
946;Rhenen;2017;1247;3,06;442,2;126,5;2,2;5,6;47;23,7
947;Ridderkerk;2017;1156;0,66;620,7;94,2;3,9;2,2;42;30,6
948;Rijssen-Holten;2017;1026;0,26;745,1;110,7;3,3;8,0;37;21,1
949;Rijswijk;2017;4794;11,17;876,9;110,8;4,0;1,0;41;44,1
950;Roerdalen;2017;515;0,97;330,3;100,5;0,7;11,3;43;22,5
951;Roermond;2017;1597;5,4;786,4;113,8;3,6;1,6;49;51,6
952;Roosendaal;2017;960;12,31;654,3;106,1;4,7;3,7;48;40,8
953;Rotterdam;2017;2441;18,04;745,6;103,2;3,3;0,5;44;99,7
954;Rozendaal;2017;-5639;;382,4;153,0;0,0;0,0;55;8,4
955;Rucphen;2017;930;2,24;354,6;119,3;4,5;8,5;40;23,4
956;Schagen;2017;758;4,76;601,1;124,9;1,1;11,7;43;20,0
957;Scherpenzeel;2017;-425;;716,9;117,6;2,2;6,0;32;13,6
958;Schiedam;2017;5647;9,76;598,7;84,8;4,5;1,4;43;57,2
959;Schiermonnikoog;2017;5809;;795,0;181,3;0,0;7,7;47;12,5
960;Schouwen-Duiveland;2017;1318;2,96;617,4;172,8;1,3;11,7;45;21,3
961;'s-Hertogenbosch;2017;1673;25,26;864,4;118,0;3,9;1,4;46;42,4
962;Simpelveld;2017;416;1,89;267,1;95,7;3,1;6,5;52;21,5
963;Sint Anthonis;2017;-406;;477,6;127,1;;36,0;45;13,9
964;Sint-Michielsgestel;2017;1;1,4;404,7;118,5;1,4;7,6;46;14,6
965;Sittard-Geleen;2017;3539;8,36;750,2;105,1;2,5;1,2;41;45,7
966;Sliedrecht;2017;1012;0,4;819,0;89,6;3,3;0,6;43;33,3
967;Sluis;2017;2734;5,07;601,9;164,2;0,8;19,9;50;21,1
968;Smallingerland;2017;1359;3,23;686,2;105,4;5,0;4,8;45;55,5
969;Soest;2017;650;2,18;517,7;145,2;0,8;1,0;43;28,7
970;Someren;2017;-1386;;586,1;145,2;1,4;13,7;37;19,4
971;Son en Breugel;2017;356;4,81;1244,3;152,3;0,6;3,3;35;21,4
972;Stadskanaal;2017;911;0,93;510,5;93,7;3,2;7,6;47;49,6
973;Staphorst;2017;-1371;1,2;677,8;141,5;0,0;25,7;31;16,7
974;Stede Broec;2017;715;0,93;334,4;82,8;2,9;7,4;50;22,4
975;Steenbergen;2017;-637;2,09;386,1;106,1;2,5;14,2;45;23,3
976;Steenwijkerland;2017;1234;2,53;502,6;136,1;2,0;13,2;45;30,4
977;Stein;2017;1541;0,8;458,2;95,5;2,6;2,2;38;20,5
978;Stichtse Vecht;2017;1233;2,02;484,5;134,2;2,2;3,5;44;22,4
979;Súdwest-Fryslân;2017;1571;1,56;626,9;136,4;0,8;12,1;43;43,5
980;Terneuzen;2017;2927;7,69;730,2;105,6;1,6;10,0;40;31,6
981;Terschelling;2017;2439;2,06;669,3;184,9;0,0;7,0;45;7,3
982;Texel;2017;1349;5,91;768,1;180,3;1,0;16,4;42;15,3
983;Teylingen;2017;-656;4,16;593,9;108,8;2,3;4,1;42;15,2
984;Tholen;2017;1988;0,78;468,1;135,1;0,9;16,5;41;22,3
985;Tiel;2017;2116;9,16;732,2;102,6;3,1;2,1;47;51,3
986;Tilburg;2017;52;20,36;680,8;102,9;2,7;1,0;48;54,0
987;Tubbergen;2017;-215;;557,1;138,8;4,3;26,0;39;12,8
988;Twenterand;2017;879;0,59;465,0;103,2;2,4;11,2;42;27,1
989;Tynaarlo;2017;1043;3,31;488,0;119,2;1,9;7,0;51;25,1
990;Tytsjerksteradiel;2017;848;0,63;413,7;108,2;0,8;11,8;43;30,9
991;Uden;2017;1649;2,9;785,1;110,2;;6,1;47;27,8
992;Uitgeest;2017;-21;0,74;367,0;89,5;0,9;3,3;40;18,1
993;Uithoorn;2017;2253;1,71;611,3;113,0;3,0;4,9;37;18,2
994;Urk;2017;1881;;714,5;119,0;1,2;8,0;43;14,3
995;Utrecht;2017;2470;29,71;937,8;139,0;1,8;0,2;47;51,4
996;Utrechtse Heuvelrug;2017;2576;6,32;632,2;158,4;0,9;3,4;48;22,0
997;Vaals;2017;2410;6,18;322,3;102,1;6,3;3,9;53;50,0
998;Valkenburg aan de Geul;2017;-203;6,08;498,4;134,6;7,3;4,2;48;27,8
999;Valkenswaard;2017;1684;3,28;560,2;126,3;2,5;2,8;41;27,3
1000;Veendam;2017;429;1,09;570,7;86,6;4,2;5,0;40;56,0
1001;Veenendaal;2017;2085;7,31;616,1;108,0;3,8;0,6;40;37,4
1002;Veere;2017;1290;1,83;550,5;165,1;0,0;14,5;48;15,8
1003;Veldhoven;2017;3409;2,01;929,2;106,8;1,7;1,4;43;21,0
1004;Velsen;2017;2249;4,44;665,6;87,5;1,9;0,7;34;32,7
1005;Venlo;2017;2880;21,67;775,0;105,0;5,5;2,7;43;51,8
1006;Venray;2017;1293;2,75;805,3;109,9;2,4;13,7;45;33,9
1007;Vijfheerenlanden;2017;1278;1,47;659,1;117,7;1,9;7,8;38;23,9
1008;Vlaardingen;2017;3360;4,58;390,2;74,0;5,1;0,8;45;55,5
1009;Vlieland;2017;3431;9,22;865,1;219,1;0,0;0,0;49;10,9
1010;Vlissingen;2017;5067;29,51;523,4;91,6;2,9;1,6;45;63,4
1011;Voerendaal;2017;879;;293,4;116,3;4,1;6,4;45;16,5
1012;Voorschoten;2017;1194;3,56;345,0;107,1;0,0;1,0;50;21,7
1013;Voorst;2017;1664;2,48;747,2;122,0;1,4;13,2;44;21,6
1014;Vught;2017;1374;6,15;629,3;117,4;2,1;4,1;50;19,4
1015;Waadhoeke;2017;864;0,22;468,3;116,4;0,0;15,4;41;37,9
1016;Waalre;2017;443;2,37;386,3;131,8;3,8;1,9;43;20,2
1017;Waalwijk;2017;3301;9,28;790,0;123,2;3,5;2,3;43;27,6
1018;Waddinxveen;2017;2470;;646,3;106,8;2,2;4,7;35;22,4
1019;Wageningen;2017;1132;2,08;655,8;89,1;4,3;1,8;48;28,9
1020;Wassenaar;2017;-1540;0,77;540,1;124,2;1,2;1,3;47;26,5
1021;Waterland;2017;56;;347,4;133,2;0,6;7,0;43;15,1
1022;Weert;2017;1889;4,64;661,5;114,3;2,0;4,7;45;32,5
1023;Weesp;2017;1870;3,2;600,7;124,7;4,4;1,7;41;37,2
1024;West Betuwe;2017;1750;1,6;678,4;134,8;2,7;10,9;36;17,3
1025;West Maas en Waal;2017;516;;438,6;136,3;1,0;10,6;46;20,3
1026;Westerkwartier;2017;2683;1,91;484,4;114,1;1,7;14,7;40;27,3
1027;Westerveld;2017;106;2,1;641,8;142,7;0,5;15,8;40;20,4
1028;Westervoort;2017;1450;2,0;246,5;85,8;6,6;1,0;49;41,9
1029;Westerwolde;2017;510;2,82;477,6;109,7;2,5;19,4;43;35,6
1030;Westland;2017;3242;4,64;768,5;132,1;2,2;14,8;38;20,1
1031;Weststellingwerf;2017;2168;0,39;478,6;138,1;2,1;17,2;44;32,0
1032;Westvoorne;2017;3823;0,7;376,6;105,6;3,6;8,0;51;14,4
1033;Wierden;2017;912;0,83;460,6;118,8;2,8;13,7;43;17,0
1034;Wijchen;2017;71;0,73;536,9;107,7;2,0;3,9;40;29,0
1035;Wijdemeren;2017;895;0,85;463,7;142,7;1,9;2,4;44;16,4
1036;Wijk bij Duurstede;2017;1320;0,43;384,0;124,7;1,8;6,2;44;20,0
1037;Winterswijk;2017;2380;1,73;611,0;111,5;7,3;12,4;49;34,3
1038;Woensdrecht;2017;197;4,58;565,1;97,8;1,2;6,7;36;21,3
1039;Woerden;2017;1838;2,14;739,5;131,8;1,8;5,5;45;20,9
1040;Wormerland;2017;296;3,79;403,7;108,9;2,9;6,9;36;21,8
1041;Woudenberg;2017;1419;0,79;561,2;125,2;0,0;8,8;42;17,8
1042;Zaanstad;2017;3348;3,12;549,5;129,0;1,7;0,7;42;43,7
1043;Zaltbommel;2017;1684;1,44;676,0;133,9;3,0;9,5;42;22,2
1044;Zandvoort;2017;1984;54,44;405,1;117,0;0,5;0,0;50;38,1
1045;Zeewolde;2017;-1153;0,45;660,6;147,4;3,3;11,5;37;22,8
1046;Zeist;2017;-359;9,39;778,6;139,0;2,7;0,3;49;39,3
1047;Zevenaar;2017;2526;2,31;512,3;99,4;1,9;4,9;44;33,6
1048;Zoetermeer;2017;491;1,52;551,3;90,8;1,8;0,6;44;44,6
1049;Zoeterwoude;2017;1500;;1154,7;126,6;0,0;7,4;35;13,4
1050;Zuidplas;2017;2483;0,72;538,1;115,7;1,7;6,1;36;23,5
1051;Zundert;2017;655;5,54;486,5;119,1;3,2;22,0;48;16,1
1052;Zutphen;2017;2697;19,86;582,4;112,0;3,2;1,2;53;53,3
1053;Zwartewaterland;2017;2811;0,45;709,1;117,1;1,6;9,5;32;17,5
1054;Zwijndrecht;2017;2966;5,63;618,4;89,2;3,7;1,0;41;41,0
1055;Zwolle;2017;2518;25,57;1044,3;119,4;4,7;1,3;51;47,5
